<ID>,dv_0,dv_1,dv_2,dv_3,dv_4,dv_5,dv_6,dv_7,dv_8,dv_9,dv_10,dv_11,dv_12,dv_13,dv_14,dv_15, Cx , CY , CZ , CMx , CMY , CMZ 
0,-7.91E-02,-1.30E-01,2.74E-02,-1.02E-01,-1.37E-01,-1.01E-01,-9.96E-02,-5.66E-02,-5.80E-02,-4.83E-02,-1.68E-03,-8.22E-03,-2.06E-02,9.31E-03,-2.62E-02,-2.20E+01,0.060614,0.415482,-0.005633,-0.103055,0.009824,0.261268
1,-9.97E-02,-3.25E-02,-1.27E-01,-2.14E-02,-1.88E-01,-1.59E-01,-8.06E-02,-9.21E-03,-7.08E-02,-1.85E-02,-7.16E-02,-3.42E-02,-1.42E-02,-1.94E-03,-5.18E-02,-2.06E+01,0.057958,0.364564,0.001253,-0.087619,0.002981,0.218015
2,-1.93E-01,-4.64E-03,-1.40E-01,6.01E-03,-9.66E-02,-1.21E-01,-7.26E-02,-6.79E-02,-4.39E-02,-7.09E-03,-4.08E-02,8.25E-03,-5.42E-02,-5.29E-02,1.06E-02,-2.97E+01,0.062331,0.426422,-0.000676,-0.110234,0.006791,0.262247
3,-1.98E-01,-1.61E-01,-1.12E-01,-1.47E-01,-1.41E-01,-1.14E-01,-4.94E-03,-7.59E-03,-1.10E-01,-7.53E-02,-5.90E-02,-6.70E-02,-3.67E-02,-5.57E-02,-5.84E-02,-2.42E+01,0.059389,0.329854,0.004619,-0.075059,0.002151,0.188075
4,-1.06E-01,-1.70E-01,-1.90E-01,-1.73E-01,-1.28E-01,-5.95E-03,-3.49E-02,-6.21E-02,1.49E-02,-8.20E-03,-4.75E-02,5.69E-03,-3.39E-02,-2.27E-03,-4.74E-02,-3.14E+01,0.063303,0.450035,-0.004095,-0.115519,0.010852,0.283333
5,-1.10E-01,4.12E-02,-9.48E-02,-1.42E-01,-1.39E-01,-5.16E-02,1.22E-02,3.34E-03,-8.84E-02,-5.03E-02,-6.13E-02,-5.64E-02,-2.78E-02,-2.27E-02,-1.06E-02,-2.91E+01,0.060772,0.386253,-0.000286,-0.093729,0.006109,0.22975
6,-1.46E-01,1.64E-02,-1.34E-02,-1.11E-01,1.06E-02,-1.62E-01,-1.03E-01,-1.76E-02,-2.97E-02,-5.33E-02,-6.53E-02,-8.84E-03,9.15E-03,-5.60E-02,4.55E-04,-2.17E+01,0.061209,0.416937,-0.005569,-0.102754,0.009791,0.262749
7,4.46E-02,-1.31E-01,-1.02E-01,-4.96E-02,-5.70E-02,-8.22E-02,-8.09E-02,-1.18E-02,-1.05E-01,-2.05E-02,-3.26E-02,-7.19E-02,-1.05E-02,-5.43E-02,-1.44E-02,-2.45E+01,0.059063,0.363339,0.000887,-0.086549,0.003527,0.212487
8,-1.19E-01,-1.54E-01,-1.57E-02,-1.53E-01,-4.16E-02,1.75E-02,-9.43E-02,-1.17E-01,-1.45E-02,-5.24E-02,-6.46E-02,-7.10E-03,-1.00E-02,-3.73E-02,-4.79E-02,-4.85E+01,0.066931,0.471459,-0.000046,-0.125329,0.009914,0.286943
9,-7.19E-03,2.10E-02,-1.48E-02,-1.89E-02,-7.10E-02,-7.97E-02,1.42E-02,-4.54E-02,-3.09E-02,1.29E-02,-2.61E-02,1.71E-02,1.85E-02,-1.53E-02,-1.74E-02,-4.48E+01,0.06301,0.512245,-0.002487,-0.141325,0.008288,0.314491
10,-1.19E-01,-4.63E-02,-1.48E-01,-1.26E-01,-4.69E-02,-7.32E-03,-1.10E-01,-6.44E-02,-8.76E-02,-6.65E-02,-1.02E-02,-4.42E-02,-2.49E-02,-2.06E-02,-3.57E-02,-2.97E+01,0.061582,0.389386,-0.000484,-0.095257,0.006551,0.232533
11,-5.90E-02,3.21E-02,-1.16E-01,-3.04E-02,-1.15E-01,-1.16E-01,-1.06E-01,8.48E-03,1.79E-02,-3.28E-02,1.94E-02,-2.52E-02,-4.50E-02,1.59E-02,-1.10E-02,-4.67E+01,0.065193,0.501536,-0.000099,-0.137764,0.007753,0.307417
12,3.21E-03,-4.25E-02,2.05E-02,-5.61E-02,1.57E-02,-7.37E-02,-8.83E-02,-1.94E-02,-2.98E-03,1.08E-03,6.86E-04,-6.93E-02,-1.12E-02,1.30E-02,-3.06E-02,-4.90E+01,0.063567,0.488772,-0.001516,-0.130304,0.008589,0.295229
13,-1.04E-01,-3.20E-02,-2.78E-02,-5.43E-02,-1.73E-01,3.57E-02,-4.50E-02,-4.55E-02,-6.06E-02,1.58E-02,8.39E-04,-7.75E-02,7.70E-03,-4.30E-02,-1.32E-02,-3.21E+01,0.061016,0.416542,-0.004026,-0.101684,0.009328,0.252253
14,-5.62E-02,1.71E-03,-1.93E-01,-4.53E-02,-5.57E-02,-7.90E-02,-1.12E-01,-3.67E-02,1.93E-02,-3.84E-02,-7.12E-02,1.52E-02,-4.10E-02,5.54E-03,-3.69E-03,-3.64E+01,0.066235,0.468762,-0.00266,-0.123765,0.00959,0.292799
15,-1.21E-01,-9.20E-03,-5.06E-02,-1.97E-01,2.92E-03,-4.94E-02,-6.07E-02,-4.06E-02,-2.18E-02,7.48E-03,-5.55E-03,-1.95E-02,-1.58E-02,-2.19E-02,-7.53E-03,-3.65E+01,0.062863,0.46794,-0.004564,-0.121923,0.010537,0.291003
16,4.91E-02,-1.19E-01,-5.99E-02,-5.30E-02,-1.85E-01,-1.12E-01,-1.99E-02,-2.57E-02,-5.53E-02,4.43E-03,-3.56E-02,-5.18E-02,-1.15E-02,-3.67E-02,1.10E-02,-4.59E+01,0.061804,0.439994,0.004495,-0.118079,0.002793,0.257501
17,-1.72E-01,-1.29E-01,-1.25E-01,-1.10E-01,-1.25E-01,-1.24E-01,-4.30E-02,-1.12E-01,-2.91E-02,-2.52E-02,3.35E-03,-2.62E-02,-4.87E-02,-5.34E-02,1.90E-02,-2.80E+01,0.061276,0.411536,-0.000264,-0.105275,0.006488,0.252492
18,5.79E-04,2.03E-02,-1.26E-02,4.00E-03,-5.20E-02,-5.29E-03,-5.10E-02,-4.94E-02,-1.82E-02,-7.30E-02,-2.24E-02,-6.34E-02,-5.48E-02,1.55E-02,-1.60E-02,-4.75E+01,0.066528,0.468355,-0.001127,-0.122537,0.009524,0.28284
19,-3.72E-02,-1.41E-01,-1.54E-01,-7.06E-02,-5.87E-02,-1.92E-01,-6.21E-02,-6.93E-02,-1.52E-02,-3.14E-02,-6.60E-02,8.77E-03,1.81E-02,3.32E-03,1.28E-02,-2.44E+01,0.060414,0.425528,-0.000987,-0.111471,0.005565,0.265857
20,-1.88E-01,-3.82E-02,-9.43E-02,-4.23E-02,-1.05E-01,-1.87E-01,-3.09E-02,-1.97E-02,-1.76E-03,-2.58E-02,-5.97E-03,-3.89E-02,1.12E-02,-4.77E-02,-5.22E-02,-4.35E+01,0.06255,0.454745,0.003924,-0.120757,0.004105,0.273653
21,-1.01E-01,-6.21E-02,-8.19E-02,-9.93E-02,2.17E-02,-1.12E-01,1.18E-02,-2.88E-02,1.30E-03,-4.30E-02,-1.32E-02,9.60E-03,-1.90E-03,-5.55E-02,1.01E-02,-2.74E+01,0.062659,0.464256,-0.006446,-0.119946,0.011419,0.296437
22,-1.24E-03,-1.37E-01,5.00E-02,-4.78E-02,-1.41E-01,-1.77E-01,-8.97E-02,-9.23E-04,-2.87E-02,-2.32E-02,-7.73E-02,-7.46E-02,-4.07E-02,-4.61E-02,-4.18E-02,-3.93E+01,0.065239,0.396785,0.003321,-0.095651,0.005081,0.233689
23,-1.33E-01,3.85E-02,-1.52E-02,-8.18E-02,2.31E-02,8.14E-03,-7.40E-02,-9.14E-02,-5.45E-02,-5.27E-02,-1.76E-02,3.60E-03,1.53E-02,-2.08E-02,-2.45E-02,-3.07E+01,0.063509,0.454899,-0.007563,-0.115317,0.012509,0.285406
24,2.63E-02,-2.73E-02,-2.33E-02,-2.61E-02,-1.05E-01,-1.91E-01,-3.44E-02,-8.46E-02,-1.20E-01,-3.02E-02,-3.40E-02,-7.58E-02,-1.12E-02,-4.95E-02,-3.09E-02,-3.00E+01,0.060844,0.344459,0.00693,-0.081764,-0.001203,0.191182
25,-1.18E-01,2.68E-03,-1.64E-01,-1.34E-01,-1.19E-01,-5.42E-02,-3.80E-02,-9.28E-02,8.07E-03,-7.57E-02,-6.00E-02,-2.94E-02,-4.51E-02,-4.59E-03,-2.56E-02,-3.98E+01,0.065817,0.436595,0.000819,-0.112425,0.007707,0.265955
26,-1.16E-01,-1.77E-01,3.44E-02,4.58E-03,3.35E-02,3.66E-03,1.35E-02,-9.94E-02,-8.03E-02,-1.79E-02,-4.26E-02,9.76E-03,-5.01E-02,-3.27E-03,-4.15E-02,-2.29E+01,0.061693,0.420294,-0.007817,-0.101974,0.012321,0.264196
27,-1.73E-01,2.29E-02,-1.85E-01,-8.36E-02,-1.94E-01,-4.85E-02,-1.04E-01,-9.38E-02,-9.65E-02,-4.65E-02,-6.92E-04,-5.86E-02,2.67E-03,-1.81E-02,-2.54E-02,-4.16E+01,0.061671,0.384124,0.007723,-0.099027,0.000432,0.21763
28,-5.42E-02,-1.59E-01,-1.73E-01,-8.58E-02,-1.24E-01,-4.32E-02,-3.28E-02,-8.20E-03,-1.09E-01,-6.15E-02,-1.36E-02,-6.22E-03,-4.63E-03,-5.83E-02,-2.28E-02,-3.24E+01,0.06091,0.401889,0.002129,-0.102834,0.004244,0.239272
29,-5.48E-02,2.57E-02,8.31E-03,-1.92E-01,-3.20E-02,-2.83E-03,-1.16E-01,-2.79E-02,-3.12E-02,1.73E-02,-7.00E-02,-5.42E-02,-2.31E-02,1.57E-02,-4.67E-02,-4.12E+01,0.064527,0.443462,-0.003206,-0.110806,0.010193,0.269274
30,-1.54E-01,-1.75E-01,-2.30E-02,-1.37E-01,-4.34E-02,-5.73E-02,-5.57E-02,3.88E-03,-6.00E-02,-4.08E-03,-5.46E-02,1.27E-02,1.21E-02,-2.41E-02,-1.58E-02,-3.96E+01,0.062645,0.468933,-0.001954,-0.1252,0.008976,0.288803
31,-9.70E-02,-1.56E-01,2.29E-02,-7.44E-02,-4.06E-02,-2.78E-02,-1.17E-01,-8.49E-02,-7.68E-02,1.16E-02,-7.13E-02,-3.97E-02,-1.39E-02,-3.77E-02,-5.64E-02,-2.99E+01,0.062451,0.393228,-0.002361,-0.093352,0.00835,0.236332
32,-1.66E-01,-1.66E-01,-1.46E-01,-1.83E-02,-1.49E-01,1.03E-02,-6.43E-02,1.60E-02,-5.72E-02,2.13E-03,-7.04E-02,-7.78E-02,-1.39E-03,-6.49E-03,-5.99E-02,-4.89E+01,0.061539,0.42149,0.005561,-0.10941,0.004036,0.244257
33,-1.16E-01,3.80E-02,-9.19E-02,-1.43E-01,1.01E-02,-1.76E-01,-8.15E-02,-1.08E-01,-4.32E-02,3.15E-03,-7.64E-02,-5.72E-02,1.19E-02,-5.22E-02,-2.36E-02,-4.98E+01,0.062259,0.419588,0.009407,-0.112159,-0.000127,0.239154
34,-3.40E-02,1.59E-02,2.79E-02,-6.59E-02,-2.03E-02,3.53E-02,-4.35E-02,-7.39E-02,-5.51E-02,-6.45E-02,-1.84E-03,7.93E-03,-3.91E-02,-3.52E-02,-5.86E-02,-3.75E+01,0.066597,0.462167,-0.006365,-0.116289,0.013025,0.287094
35,-1.64E-01,-7.33E-02,-6.36E-02,-1.46E-01,-1.22E-01,-1.62E-01,-2.79E-02,-1.11E-01,-3.20E-02,-1.89E-02,-1.08E-02,-5.21E-02,-3.18E-02,-4.65E-02,1.32E-02,-3.96E+01,0.062506,0.417039,0.004369,-0.10863,0.003565,0.247025
36,4.63E-02,-1.79E-01,-1.36E-01,-1.93E-01,-1.05E-02,-1.93E-01,-9.69E-02,-9.81E-02,1.78E-02,-2.57E-02,-1.26E-02,-2.91E-03,-4.28E-02,-5.78E-03,-1.30E-02,-4.39E+01,0.065124,0.46668,0.003657,-0.127724,0.004462,0.28287
37,-1.65E-01,6.18E-03,-9.97E-03,-5.17E-03,-1.59E-01,-7.29E-02,-6.65E-02,4.94E-03,-2.84E-02,-7.09E-02,2.32E-03,1.05E-02,-1.90E-02,-3.44E-02,-4.97E-02,-4.23E+01,0.065904,0.482647,-0.002131,-0.127946,0.009998,0.298907
38,-3.85E-02,-1.71E-01,-8.89E-02,-1.80E-01,-1.64E-01,-2.90E-02,-3.60E-03,-8.38E-02,1.04E-02,-4.81E-02,-7.34E-02,-4.66E-02,-5.05E-02,-3.20E-02,-1.63E-02,-4.68E+01,0.065964,0.448209,0.002326,-0.117389,0.007698,0.270336
39,-4.19E-02,-1.15E-02,-3.48E-02,-1.44E-01,-1.44E-01,-4.14E-02,-5.37E-02,-1.31E-02,-1.07E-01,-3.23E-02,6.27E-03,-3.85E-03,-5.83E-02,-2.00E-02,-9.30E-03,-3.37E+01,0.062654,0.426395,-0.001516,-0.109346,0.007556,0.258202
40,2.03E-02,3.00E-02,-1.67E-01,-1.63E-01,-1.58E-01,-1.99E-01,-3.53E-02,7.53E-03,-1.15E-01,-6.44E-02,-6.00E-03,-5.12E-02,5.01E-03,1.76E-02,-2.79E-02,-4.72E+01,0.060091,0.403887,0.012405,-0.111409,-0.004549,0.224114
41,-6.19E-02,-1.68E-01,-1.84E-01,-1.14E-01,-1.70E-01,-1.90E-01,-8.05E-03,-2.34E-02,-1.10E-01,-3.78E-02,-5.24E-02,-5.56E-02,-3.92E-02,-1.16E-02,-3.61E-02,-4.84E+01,0.060789,0.376606,0.015677,-0.101829,-0.005668,0.204641
42,-6.53E-02,-1.27E-01,-1.24E-01,-1.89E-01,-1.36E-01,-1.43E-01,-4.64E-02,-5.26E-02,-9.33E-02,-3.55E-05,-4.97E-02,-4.73E-02,-2.08E-02,-5.32E-02,-2.08E-02,-4.51E+01,0.061122,0.391014,0.010341,-0.102977,-0.001392,0.22018
43,2.62E-02,-8.98E-02,3.15E-02,-1.88E-01,-1.80E-01,-1.56E-01,-1.11E-01,-1.17E-01,-6.57E-02,-5.91E-02,-5.15E-02,-6.73E-02,-3.15E-02,-2.21E-02,-3.23E-02,-3.58E+01,0.064825,0.367017,0.004851,-0.087934,0.003007,0.21091
44,-2.56E-02,-8.49E-02,-1.01E-01,-1.72E-02,-1.38E-01,-1.64E-01,-6.33E-02,-3.94E-02,-1.64E-03,-1.44E-02,-4.01E-03,-3.36E-02,-4.45E-02,-4.53E-02,-4.99E-03,-4.38E+01,0.064097,0.457083,0.003221,-0.122323,0.004595,0.275046
45,-9.89E-02,-1.54E-01,1.06E-02,-1.32E-01,-6.00E-02,-7.65E-03,1.04E-02,-5.69E-03,-5.61E-02,-1.10E-02,-2.14E-02,-5.68E-02,-1.64E-02,-1.37E-02,-8.40E-05,-2.00E+01,0.058984,0.407137,-0.008063,-0.097192,0.011864,0.256047
46,4.53E-02,-1.88E-01,-1.37E-01,-5.56E-02,-8.30E-02,-1.50E-01,-6.76E-02,-1.00E-01,-5.03E-02,1.13E-02,-5.65E-02,-5.59E-02,-5.77E-02,1.92E-02,-3.76E-02,-4.45E+01,0.062398,0.397942,0.008859,-0.10376,-0.000577,0.226531
47,-1.10E-02,-1.25E-01,-1.17E-01,-8.85E-02,-1.22E-01,-1.64E-01,-8.04E-02,-3.44E-02,-3.95E-02,-6.09E-02,-7.52E-02,-9.46E-03,-3.25E-02,-4.19E-02,-4.89E-02,-3.92E+01,0.06486,0.409846,0.005093,-0.104812,0.003327,0.243279
48,-4.49E-02,-1.27E-01,-1.11E-01,-4.03E-02,-8.85E-03,-7.47E-02,-1.08E-01,-5.93E-02,-7.29E-02,-4.67E-02,-4.24E-02,1.34E-03,1.36E-02,-3.96E-02,-3.01E-02,-4.04E+01,0.063575,0.432937,0.002605,-0.113717,0.004765,0.258443
49,-1.88E-01,-7.99E-03,4.90E-02,2.92E-02,-8.23E-02,-1.58E-01,-3.91E-02,1.97E-02,-7.69E-03,1.84E-02,-6.84E-02,-2.74E-03,-5.30E-02,-2.89E-02,-3.43E-02,-3.33E+01,0.064351,0.4587,-0.004375,-0.116201,0.010693,0.287199
50,-9.54E-02,1.47E-02,-1.28E-01,2.47E-02,-1.97E-01,-7.15E-02,-5.46E-02,-1.09E-01,-4.98E-02,1.44E-03,-5.75E-02,-1.45E-02,1.42E-04,-2.03E-02,-5.19E-02,-3.71E+01,0.062362,0.416372,0.002495,-0.106342,0.004144,0.247415
51,-1.08E-01,-1.07E-01,-4.68E-02,-1.43E-02,3.92E-02,-7.39E-02,1.46E-02,-4.78E-02,-6.97E-02,1.78E-02,-1.06E-02,-1.21E-02,-5.86E-02,-9.59E-03,-5.56E-03,-3.22E+01,0.06126,0.439186,-0.002413,-0.112881,0.007866,0.269298
52,-1.99E-01,-9.98E-02,-8.55E-02,-1.81E-02,2.52E-02,-1.42E-01,-3.85E-04,-1.89E-02,-4.67E-02,-1.46E-03,8.82E-03,-6.44E-02,-4.85E-02,-3.80E-02,-4.18E-02,-3.01E+01,0.06002,0.398954,0.00092,-0.097403,0.00511,0.239223
53,-1.29E-01,-5.15E-02,-1.12E-01,-1.49E-01,-3.29E-02,2.04E-02,-1.41E-02,8.61E-04,1.74E-02,-3.99E-02,-2.52E-02,-1.73E-02,-5.30E-02,-5.45E-02,-3.89E-02,-3.57E+01,0.066099,0.470446,-0.006497,-0.118934,0.013955,0.297522
54,-1.14E-01,-8.33E-02,-1.74E-02,-1.05E-01,-7.61E-02,-1.83E-01,-3.23E-02,-1.09E-01,-1.13E-01,-2.73E-02,1.18E-02,-4.13E-02,-2.43E-02,7.44E-03,1.21E-02,-4.86E+01,0.061772,0.419668,0.010643,-0.116536,-0.002023,0.236071
55,-1.30E-01,-1.97E-01,9.87E-03,-1.22E-01,-1.69E-01,-8.67E-03,-6.34E-02,-1.05E-01,-7.72E-02,-3.80E-03,-1.39E-02,-5.77E-02,1.44E-02,1.47E-02,-8.81E-03,-2.87E+01,0.060269,0.405158,-0.002926,-0.10086,0.008012,0.246209
56,-1.70E-01,1.32E-02,-1.89E-01,-1.14E-01,-1.54E-01,-9.58E-02,-4.03E-02,-1.01E-02,-2.96E-02,1.99E-02,-6.81E-02,-2.03E-02,-3.82E-02,2.09E-03,-4.07E-02,-3.52E+01,0.061368,0.426778,0.001415,-0.110114,0.005416,0.258362
57,9.47E-03,-2.28E-02,1.72E-02,-4.35E-02,-5.67E-02,-2.51E-02,4.86E-03,-2.23E-02,-5.30E-02,-6.58E-02,-7.68E-02,-6.53E-02,2.33E-03,-2.96E-02,5.40E-03,-3.78E+01,0.064747,0.426586,-0.002544,-0.105643,0.00928,0.257057
58,-9.58E-02,-1.09E-01,-2.99E-02,-1.75E-01,-4.29E-02,1.48E-02,1.71E-02,-9.49E-02,1.38E-02,-4.08E-02,-6.11E-02,-2.15E-02,-5.99E-02,6.06E-03,-4.25E-02,-4.76E+01,0.066566,0.487565,-0.001932,-0.129308,0.01137,0.300259
59,-1.22E-01,-6.47E-02,-1.36E-01,-1.33E-01,-1.19E-01,-4.40E-02,-1.04E-01,1.11E-02,-8.31E-02,-3.56E-02,-6.24E-02,-4.15E-02,1.54E-02,-2.29E-02,-2.85E-02,-3.99E+01,0.062008,0.407935,0.003503,-0.10445,0.00419,0.239705
60,-1.04E-01,-1.73E-01,-5.69E-02,-1.37E-01,4.42E-02,-3.40E-02,-6.05E-02,-1.04E-01,1.45E-02,-2.45E-03,1.58E-02,-3.71E-02,-1.20E-02,-3.07E-02,9.18E-03,-2.60E+01,0.061867,0.45172,-0.008124,-0.114098,0.012919,0.288372
61,-1.73E-01,-5.06E-02,-1.59E-01,4.53E-02,1.82E-02,-8.48E-02,-1.01E-01,9.22E-03,-4.99E-03,-1.75E-02,-1.56E-02,-5.49E-02,1.64E-02,-3.65E-02,-1.47E-02,-4.79E+01,0.062618,0.476493,0.002226,-0.129242,0.005651,0.286292
62,-5.75E-02,-1.45E-01,-1.02E-02,-1.41E-01,-1.90E-01,2.28E-02,-3.35E-02,-5.76E-02,-8.74E-02,1.23E-02,-4.63E-02,-4.02E-02,-1.55E-03,-3.59E-02,-3.85E-02,-2.55E+01,0.060084,0.394294,-0.004158,-0.094469,0.008912,0.240192
63,-5.67E-02,-1.67E-01,-1.95E-01,-2.69E-03,-1.46E-01,2.75E-02,-6.88E-02,-1.06E-01,-5.08E-02,-1.31E-02,8.09E-03,4.94E-03,-2.84E-02,-1.27E-02,8.42E-03,-2.33E+01,0.060207,0.427341,-0.005104,-0.109762,0.009422,0.269188
64,-1.44E-01,-6.68E-02,-1.37E-01,-1.28E-01,-3.25E-03,-1.48E-01,-3.83E-02,-2.12E-02,-4.30E-02,1.04E-02,-2.06E-02,1.06E-02,7.16E-03,-2.57E-02,-5.00E-02,-2.89E+01,0.059711,0.434615,-0.000717,-0.112518,0.005806,0.268996
65,-8.61E-02,1.17E-02,-1.38E-02,-1.03E-01,-7.87E-02,4.00E-02,-8.30E-02,-1.09E-01,-9.25E-02,-1.26E-02,-2.75E-02,-8.53E-03,-5.72E-02,-8.68E-03,-2.01E-02,-4.14E+01,0.065099,0.436877,-0.001039,-0.11241,0.008557,0.261809
66,1.20E-02,-4.42E-02,4.18E-03,-2.12E-02,4.13E-03,1.81E-02,-1.13E-01,-3.80E-02,-7.39E-02,-7.99E-02,-2.45E-02,-8.73E-04,8.58E-03,-1.68E-02,1.77E-02,-4.13E+01,0.066251,0.472236,-0.004113,-0.12483,0.010827,0.289537
67,-1.83E-01,8.97E-03,2.91E-02,-1.38E-01,-8.36E-02,-1.66E-01,-5.27E-02,1.68E-02,-4.02E-03,-1.23E-02,-1.58E-02,-6.91E-02,-3.09E-02,-2.65E-02,1.41E-02,-2.15E+01,0.060071,0.415606,-0.006304,-0.100961,0.010537,0.26188
68,-2.94E-02,-1.58E-01,-1.75E-01,-1.36E-01,1.63E-02,-1.29E-01,-6.29E-03,6.27E-03,1.10E-03,-5.30E-02,-5.29E-02,-7.53E-02,-4.70E-02,-2.13E-03,-9.84E-03,-3.90E+01,0.063532,0.42321,0.002666,-0.108108,0.005299,0.254047
69,-1.11E-01,-1.90E-01,-7.93E-02,-1.23E-01,7.31E-03,6.32E-04,-1.02E-01,-6.49E-02,-9.35E-02,1.54E-02,-2.50E-02,-6.03E-02,6.47E-04,1.66E-02,-3.17E-02,-4.54E+01,0.061145,0.418201,0.00394,-0.109205,0.003919,0.242112
70,-1.90E-01,2.86E-02,-8.78E-02,3.25E-02,-7.66E-02,-5.82E-02,-5.90E-02,-3.48E-02,-7.34E-02,-5.41E-02,-7.37E-02,8.58E-03,-4.26E-03,-6.88E-03,8.87E-04,-2.82E+01,0.062095,0.429936,-0.003542,-0.109998,0.008779,0.266228
71,-1.23E-01,-8.81E-02,-6.60E-02,-5.09E-02,4.45E-03,-1.24E-01,-5.18E-02,-9.55E-02,-1.12E-01,-7.50E-02,-4.41E-02,-4.26E-02,1.43E-02,1.40E-03,7.94E-03,-4.46E+01,0.062818,0.404286,0.008553,-0.108383,0.00004,0.229647
72,-6.94E-02,7.68E-03,-6.97E-02,2.11E-02,-7.27E-02,-3.25E-02,-9.69E-02,1.26E-02,-5.94E-02,1.32E-02,6.84E-03,-5.62E-03,-7.84E-03,-1.69E-02,-5.92E-02,-4.17E+01,0.062684,0.471624,-0.001673,-0.124379,0.007831,0.28709
73,-5.96E-02,-1.03E-01,-1.18E-01,-1.92E-01,-3.53E-02,-9.97E-02,-3.07E-02,-6.34E-02,5.35E-03,-5.77E-02,-1.21E-02,-7.70E-02,8.73E-03,1.54E-02,-1.92E-03,-2.46E+01,0.06011,0.412253,-0.003726,-0.10218,0.008448,0.255996
74,-1.40E-01,-1.87E-01,-1.82E-01,-8.77E-02,-6.00E-02,-1.48E-01,-1.05E-01,1.45E-02,1.89E-02,-2.06E-02,-5.18E-02,2.25E-03,-5.69E-03,-3.12E-02,-5.80E-03,-4.63E+01,0.064745,0.489431,0.002994,-0.136144,0.005904,0.299392
75,-1.06E-01,-2.75E-03,-1.35E-01,2.57E-02,-1.71E-01,-7.66E-02,-5.60E-02,-9.34E-02,-2.37E-03,-5.68E-02,-6.88E-02,-5.51E-02,-5.89E-02,1.83E-02,-3.15E-02,-2.49E+01,0.062394,0.394347,-0.002752,-0.095112,0.008149,0.241351
76,-1.62E-01,-8.19E-02,-4.94E-02,-4.29E-03,-1.03E-01,-1.58E-02,-9.46E-02,-4.00E-02,-4.75E-02,-6.44E-03,-2.01E-02,-7.07E-02,9.63E-03,9.51E-03,-2.88E-02,-3.82E+01,0.062092,0.42501,-0.000882,-0.106783,0.007549,0.25491
77,-1.75E-01,-1.69E-01,-3.04E-02,-3.69E-02,-5.39E-02,-1.17E-01,-3.97E-02,-7.35E-02,-8.09E-02,9.82E-03,-7.62E-02,-6.85E-02,-4.77E-02,1.33E-03,-4.32E-02,-2.56E+01,0.059828,0.359524,0.001722,-0.084248,0.004157,0.210575
78,-1.09E-01,-7.80E-02,4.65E-02,4.23E-02,-5.29E-02,-1.32E-01,-9.12E-03,-4.05E-02,8.13E-03,-2.02E-03,-1.95E-02,-5.13E-02,-8.96E-03,-4.57E-02,-3.48E-02,-4.73E+01,0.063972,0.483641,-0.000007,-0.128272,0.007889,0.293638
79,-5.52E-02,-7.12E-02,-6.13E-02,-1.43E-03,-7.35E-03,-1.09E-01,-1.02E-01,-1.24E-02,-3.79E-02,-1.47E-02,1.86E-02,-3.04E-02,-4.40E-02,-1.49E-02,1.39E-02,-4.65E+01,0.063539,0.477356,0.001493,-0.13026,0.00593,0.287072
80,1.77E-02,-3.17E-02,-1.79E-01,-9.47E-02,2.76E-02,-9.74E-02,-1.15E-02,-1.07E-01,-1.02E-01,1.86E-02,-6.68E-02,-5.08E-02,-3.76E-02,-3.33E-02,-4.50E-02,-4.60E+01,0.061182,0.384062,0.010858,-0.09949,-0.00231,0.212238
81,-1.86E-01,-1.20E-01,-7.98E-02,-1.93E-01,1.75E-02,3.67E-02,-5.69E-03,-1.07E-02,-4.93E-02,3.40E-03,1.36E-02,-3.75E-02,-2.70E-03,-1.44E-03,6.86E-03,-5.00E+01,0.060965,0.50137,-0.001398,-0.139054,0.008994,0.302779
82,4.27E-02,-4.69E-02,5.25E-03,-2.44E-03,-3.19E-02,-2.49E-02,-1.17E-01,-2.47E-02,-9.20E-02,-3.93E-02,-6.92E-02,-7.24E-02,1.29E-02,1.62E-02,3.53E-03,-3.82E+01,0.064145,0.407591,-0.000101,-0.101126,0.006543,0.239208
83,-9.42E-02,-1.43E-01,-7.80E-02,-6.72E-03,-2.24E-02,-1.98E-01,-2.22E-02,-9.00E-03,-3.02E-02,-5.57E-02,-3.60E-02,-7.32E-02,-4.90E-02,-9.34E-03,-2.20E-02,-4.23E+01,0.063302,0.412893,0.006312,-0.106012,0.00227,0.242076
84,-1.02E-01,-1.15E-01,-1.42E-01,4.48E-02,-2.68E-02,-1.56E-01,-1.14E-01,-6.89E-02,6.38E-03,-7.17E-02,-4.22E-02,-2.01E-02,1.69E-02,-3.86E-02,1.61E-02,-2.01E+01,0.060516,0.412292,-0.003908,-0.103295,0.008067,0.260009
85,-3.02E-02,-2.18E-02,-8.61E-02,3.66E-02,-1.65E-01,1.33E-03,-6.54E-02,-8.74E-02,-8.55E-02,-1.56E-02,1.30E-02,-1.83E-02,1.17E-02,-5.05E-02,-5.81E-02,-2.31E+01,0.059584,0.400977,-0.004119,-0.097387,0.007669,0.245864
86,-8.83E-02,3.02E-02,-1.75E-01,-1.17E-01,1.33E-02,-1.04E-01,-9.54E-02,-3.91E-02,-1.18E-01,-6.55E-02,-6.59E-02,-1.38E-02,-2.57E-02,1.97E-02,-4.57E-02,-2.02E+01,0.058285,0.361337,0.000779,-0.087378,0.003179,0.214943
87,-1.94E-02,-1.11E-01,-1.52E-01,-2.97E-02,3.74E-02,-1.78E-01,-9.03E-02,-8.13E-02,-7.06E-02,-1.18E-02,-7.21E-02,-4.54E-02,-5.25E-02,-5.40E-02,-6.70E-03,-3.30E+01,0.062101,0.372352,0.006022,-0.092279,0.000789,0.214259
88,-8.33E-02,-1.85E-01,-1.51E-01,-1.61E-01,-1.29E-01,2.54E-02,-1.64E-02,-1.10E-01,-9.97E-02,-6.35E-02,-7.26E-02,9.11E-03,-2.20E-02,1.36E-02,3.64E-05,-4.24E+01,0.063767,0.426137,0.003835,-0.114815,0.004838,0.251863
89,-1.11E-01,-1.34E-01,-4.73E-03,-1.37E-02,-1.99E-02,-1.33E-01,-9.56E-02,-8.93E-02,1.70E-02,-6.76E-02,-2.18E-02,-3.82E-02,-1.95E-02,-1.09E-02,-3.58E-02,-4.36E+01,0.066437,0.458178,0.000743,-0.119496,0.007945,0.279523
90,-6.80E-02,-7.30E-02,-1.85E-01,1.73E-02,-7.72E-02,-1.15E-01,1.06E-02,-1.14E-01,-6.63E-02,-4.43E-02,4.45E-03,-4.94E-02,-2.76E-02,-4.13E-02,-3.92E-02,-3.25E+01,0.060593,0.382254,0.004769,-0.095217,0.001415,0.222187
91,-7.44E-02,4.42E-02,4.31E-02,-2.00E-01,-2.45E-02,-1.65E-01,-4.37E-02,-6.33E-02,1.37E-02,-1.97E-03,-5.06E-02,-2.37E-02,-3.61E-02,-7.32E-03,-7.82E-03,-3.45E+01,0.064472,0.460114,-0.004413,-0.117762,0.010453,0.287182
92,-3.99E-02,-9.79E-03,-3.79E-02,8.44E-03,-6.95E-02,4.25E-02,-3.99E-02,-4.33E-02,-7.16E-02,-2.15E-02,5.67E-03,-3.12E-02,-3.45E-02,-1.39E-03,-4.02E-02,-3.38E+01,0.062991,0.43893,-0.005238,-0.109383,0.010528,0.268795
93,3.66E-02,-1.19E-01,-9.35E-02,-1.26E-01,-4.82E-02,-1.82E-01,-4.80E-02,1.25E-03,-9.56E-02,-7.62E-02,-2.47E-03,1.98E-02,-1.13E-03,-3.04E-02,-5.27E-02,-4.26E+01,0.063136,0.440604,0.006269,-0.119858,0.001286,0.260373
94,3.04E-02,-5.73E-02,-1.17E-01,-8.56E-02,-3.46E-02,-1.10E-01,-3.57E-02,-2.75E-02,1.86E-02,-7.26E-02,-3.33E-02,1.31E-02,-1.63E-02,1.85E-02,-1.21E-02,-2.73E+01,0.063868,0.466018,-0.006798,-0.12085,0.011468,0.297937
95,-2.07E-02,-7.71E-02,3.84E-02,-1.63E-01,-7.93E-02,-8.95E-02,-1.09E-01,-4.86E-02,-2.83E-02,-3.33E-02,2.76E-03,-1.48E-02,-4.57E-02,-4.73E-02,-1.32E-02,-2.26E+01,0.062143,0.427243,-0.008113,-0.104682,0.012372,0.271188
96,2.84E-02,1.24E-02,-8.41E-02,-4.40E-02,-4.93E-02,-1.80E-01,-1.02E-01,-1.59E-02,-9.12E-02,-6.32E-02,-7.71E-02,-1.18E-02,-7.65E-03,-5.69E-02,-2.39E-02,-4.90E+01,0.064413,0.428796,0.009656,-0.116804,-0.000413,0.245622
97,-1.43E-01,-1.58E-01,2.64E-03,-1.45E-01,-4.97E-02,-1.25E-01,-9.31E-02,-4.97E-02,-2.59E-02,2.44E-03,-2.28E-02,2.56E-03,1.07E-02,-1.75E-02,-5.30E-02,-3.05E+01,0.061771,0.445436,-0.003655,-0.11384,0.009264,0.278644
98,-1.50E-01,-3.78E-02,-1.47E-01,2.14E-02,-1.32E-02,4.77E-02,-8.94E-02,-5.81E-02,-1.17E-01,4.79E-03,5.02E-03,-6.97E-02,-5.67E-02,-1.22E-02,-1.69E-02,-2.24E+01,0.058725,0.372336,-0.00255,-0.088159,0.006796,0.222199
99,4.43E-02,7.18E-03,-1.56E-01,-7.85E-02,-6.74E-02,-1.80E-01,-2.20E-02,-6.14E-02,-1.18E-01,-4.81E-03,-6.31E-02,-2.96E-02,-5.60E-02,-8.54E-03,-4.91E-02,-2.19E+01,0.057964,0.344734,0.004772,-0.082881,-0.000861,0.197721
100,-1.59E-01,-7.54E-02,-1.63E-01,-4.66E-02,-9.55E-02,1.88E-02,-1.74E-02,1.36E-02,-5.87E-02,-3.86E-02,-7.80E-02,-1.76E-02,-3.56E-03,-4.25E-02,-3.34E-02,-4.70E+01,0.06317,0.456585,0.002562,-0.122203,0.00644,0.273071
101,-1.50E-01,-8.64E-02,-1.91E-01,1.52E-02,-9.57E-02,-8.76E-02,-1.93E-02,-7.88E-02,7.00E-03,-1.72E-02,-3.05E-02,-3.99E-02,1.79E-02,2.32E-03,1.49E-02,-3.44E+01,0.061668,0.447859,-0.000605,-0.118205,0.006649,0.275258
102,-4.32E-02,-5.41E-02,4.61E-02,-1.94E-01,-1.96E-01,1.52E-02,6.59E-03,1.39E-02,4.77E-03,-1.52E-02,-5.01E-02,-7.03E-02,4.15E-03,-2.68E-02,-5.44E-02,-3.11E+01,0.063758,0.436175,-0.008141,-0.103695,0.014011,0.272907
103,-1.52E-02,2.36E-02,4.22E-02,-6.01E-02,-1.11E-01,-1.79E-01,-2.40E-02,-1.11E-01,-6.52E-02,-7.81E-03,-3.55E-03,-6.17E-02,-2.18E-02,-3.35E-02,1.85E-02,-2.68E+01,0.060642,0.398301,-0.00059,-0.098949,0.004949,0.239094
104,-2.72E-02,-1.50E-01,-7.18E-03,-1.61E-01,-6.64E-03,-5.78E-02,-3.67E-02,-3.23E-02,-1.33E-02,-4.89E-02,-6.21E-02,-2.55E-02,-1.94E-02,-2.59E-02,-3.55E-02,-4.00E+01,0.065355,0.454523,-0.002533,-0.116103,0.010215,0.279929
105,-1.07E-01,-1.57E-01,1.19E-02,1.47E-02,-1.85E-01,9.17E-03,-5.98E-02,-2.27E-02,-4.63E-02,7.07E-03,1.13E-02,1.13E-02,-1.56E-02,-5.58E-03,-5.02E-02,-2.21E+01,0.060738,0.443273,-0.009629,-0.109933,0.013404,0.28476
106,-1.68E-01,-1.83E-01,3.88E-02,5.32E-03,-9.37E-02,-3.32E-02,-1.14E-01,-9.61E-02,-4.86E-02,-4.73E-02,-6.44E-02,-2.43E-02,5.95E-03,-2.43E-02,1.05E-02,-3.91E+01,0.065593,0.436637,-0.001604,-0.112038,0.009413,0.265567
107,-5.87E-02,-5.78E-02,-1.40E-01,-8.70E-02,-6.28E-02,-3.81E-02,-1.61E-02,-1.57E-02,1.15E-02,-3.26E-02,-7.44E-02,-6.19E-02,1.73E-02,-2.44E-02,-9.54E-03,-2.67E+01,0.06183,0.424008,-0.005328,-0.103985,0.010359,0.26435
108,-6.46E-02,-1.05E-01,-5.65E-02,-1.73E-01,-1.46E-01,3.99E-02,-7.03E-02,-1.28E-02,-7.35E-02,-1.66E-02,-4.76E-02,-5.95E-02,-2.47E-03,-2.13E-02,1.20E-02,-2.07E+01,0.059186,0.395498,-0.00675,-0.094751,0.010766,0.245739
109,-6.29E-02,-1.23E-01,-6.12E-02,-1.69E-01,1.50E-02,-8.11E-02,-5.42E-03,-5.04E-02,-1.14E-01,-4.87E-02,7.02E-03,8.17E-03,-2.64E-02,9.73E-04,-7.70E-03,-3.35E+01,0.061356,0.428448,0.000261,-0.112488,0.005684,0.258925
110,-8.98E-02,-7.96E-02,-1.86E-03,-2.40E-02,-1.86E-01,-7.81E-02,4.26E-03,-8.68E-02,-8.96E-02,-3.03E-02,-5.04E-02,-6.09E-02,-4.32E-02,-3.96E-02,-2.31E-03,-3.73E+01,0.063304,0.385443,0.003779,-0.095078,0.003945,0.223112
111,-9.78E-02,-1.30E-02,-2.62E-02,-1.19E-01,-1.20E-01,5.25E-03,-6.25E-02,-8.76E-02,-1.70E-02,1.33E-02,-3.90E-02,1.69E-02,-3.86E-02,-4.55E-02,2.99E-03,-3.40E+01,0.06494,0.472108,-0.007008,-0.122115,0.013126,0.29778
112,4.60E-02,-7.46E-02,-1.50E-01,-6.53E-02,-1.12E-01,-1.93E-01,-4.08E-02,-8.84E-02,6.07E-03,-3.16E-02,-6.38E-02,-5.35E-03,-6.24E-03,-1.19E-02,-4.05E-02,-2.10E+01,0.06007,0.401227,-0.001662,-0.09973,0.005544,0.248963
113,-7.28E-02,-1.55E-01,-1.76E-01,1.38E-02,-1.92E-01,-2.17E-02,-3.40E-02,-8.56E-02,-1.93E-02,1.64E-03,-3.70E-02,1.77E-02,-4.67E-02,1.02E-02,-5.79E-02,-3.70E+01,0.063756,0.451309,-0.000536,-0.118522,0.007614,0.27731
114,-1.89E-01,6.52E-03,-1.67E-02,-6.50E-02,-1.57E-01,-1.84E-01,-2.96E-02,-3.30E-02,-1.16E-01,-3.81E-02,-2.66E-02,-6.22E-02,-3.96E-02,-1.46E-02,1.94E-02,-2.86E+01,0.06035,0.369845,0.004191,-0.092017,0.001808,0.214595
115,-2.84E-02,3.18E-02,2.38E-02,-4.88E-02,2.58E-02,-6.12E-02,-1.18E-02,-8.53E-02,-5.91E-03,-4.17E-02,-4.57E-02,-1.11E-02,-1.73E-02,-3.64E-02,-2.30E-02,-2.59E+01,0.06385,0.448037,-0.00934,-0.110142,0.013559,0.284489
116,-1.38E-01,-2.78E-02,-7.10E-02,1.50E-03,-8.99E-02,4.92E-03,-7.70E-03,-8.40E-02,-2.32E-02,-2.53E-02,-8.00E-03,-2.89E-02,-2.98E-02,5.05E-03,3.05E-03,-2.50E+01,0.061571,0.440552,-0.007882,-0.11041,0.012251,0.278845
117,-2.33E-02,4.01E-02,-5.15E-02,-4.74E-02,-1.47E-02,-5.02E-02,-8.44E-02,-1.04E-01,-4.58E-02,-2.84E-02,-2.02E-03,-4.09E-02,-1.83E-02,-2.16E-02,-5.39E-02,-3.41E+01,0.063106,0.422089,-0.002166,-0.104049,0.007782,0.254888
118,-9.23E-03,-2.93E-02,-1.04E-01,2.67E-02,1.53E-02,-1.23E-01,-1.33E-02,-9.45E-02,-9.13E-05,-3.42E-02,-4.53E-02,-3.56E-02,5.28E-03,1.13E-02,1.15E-02,-3.89E+01,0.063529,0.458456,-0.000394,-0.121223,0.006388,0.279139
119,1.98E-02,-4.24E-02,-4.97E-02,-2.84E-02,-1.77E-01,4.60E-02,-7.83E-02,-1.12E-01,-6.75E-02,-1.22E-02,-7.19E-02,-2.76E-02,-4.06E-03,-4.71E-02,4.19E-03,-4.07E+01,0.065056,0.427211,-0.000568,-0.108854,0.007788,0.254721
120,-1.06E-01,-7.89E-02,-1.23E-02,-6.94E-02,-1.36E-01,-2.30E-02,1.53E-02,-4.64E-03,-3.66E-02,-5.46E-03,-1.18E-02,-4.82E-02,-1.82E-02,-3.43E-02,2.21E-03,-3.08E+01,0.061658,0.440599,-0.00566,-0.110343,0.011015,0.273766
121,-1.41E-01,-1.86E-01,-1.84E-01,-1.62E-02,-4.65E-02,-9.85E-02,-7.78E-02,-4.44E-02,-7.88E-02,-5.67E-02,-2.58E-02,-1.71E-02,-2.10E-02,3.95E-03,-1.97E-02,-3.67E+01,0.061831,0.409896,0.004448,-0.107435,0.002927,0.24262
122,2.49E-02,-9.51E-02,-2.83E-02,-1.67E-01,-1.25E-02,-7.07E-02,-1.15E-01,8.38E-03,1.11E-02,-7.22E-02,-3.77E-02,-6.73E-03,-5.94E-02,-1.82E-02,-3.70E-02,-2.78E+01,0.065813,0.448987,-0.008491,-0.110917,0.014091,0.286268
123,2.54E-02,-1.44E-01,-1.00E-01,2.71E-02,3.82E-02,-8.63E-02,-4.71E-02,-1.42E-02,9.82E-03,-2.88E-02,-3.95E-02,-5.16E-02,-5.45E-02,-5.13E-02,1.95E-03,-2.66E+01,0.063412,0.427698,-0.00569,-0.104731,0.010642,0.267175
124,-1.51E-01,3.42E-02,-5.50E-02,-1.56E-01,-8.63E-02,-6.49E-02,-6.91E-02,-8.08E-02,-8.21E-02,-9.21E-04,-5.35E-02,-6.50E-02,-4.70E-02,-1.13E-03,1.62E-03,-3.18E+01,0.061636,0.387573,0.000684,-0.095106,0.005624,0.228604
125,-1.84E-01,-1.82E-01,-1.83E-01,-1.54E-01,-1.11E-01,-6.73E-02,-1.05E-01,1.77E-02,-3.33E-02,4.53E-03,-3.83E-02,-6.80E-02,-3.63E-02,-4.80E-02,-4.40E-03,-3.56E+01,0.061583,0.404498,0.002184,-0.101813,0.005787,0.241878
126,-1.03E-01,-1.28E-01,-3.59E-02,2.27E-02,-1.32E-01,-1.88E-01,-1.80E-02,1.14E-02,2.94E-03,-3.76E-02,1.21E-02,-7.79E-03,-2.55E-02,1.09E-02,1.63E-02,-3.12E+01,0.062968,0.470977,-0.00361,-0.12496,0.009102,0.297334
127,-1.80E-01,-3.69E-03,2.33E-02,3.47E-02,-1.33E-01,-8.44E-02,1.98E-02,1.70E-02,-3.43E-02,-8.34E-03,-3.98E-02,4.34E-03,-2.14E-02,-2.96E-02,1.44E-03,-4.45E+01,0.063919,0.502109,-0.002365,-0.136682,0.009562,0.309557
128,-2.30E-02,-6.30E-02,-1.08E-01,-1.14E-02,-1.58E-02,4.14E-02,-9.63E-02,-2.62E-02,-1.42E-02,-2.75E-03,-2.42E-02,-8.28E-03,2.96E-03,-1.28E-02,-4.83E-02,-2.26E+01,0.061455,0.445633,-0.010193,-0.109643,0.01361,0.285574
129,-6.70E-02,-5.90E-02,-4.15E-02,-9.07E-02,2.43E-02,-1.46E-02,-6.83E-02,-6.69E-02,-8.52E-02,-1.14E-02,-1.96E-02,7.00E-03,8.07E-03,1.66E-02,-5.92E-02,-3.19E+01,0.061553,0.440745,-0.003997,-0.112317,0.008917,0.271145
130,-1.51E-01,-1.31E-01,-5.07E-02,-1.85E-01,-1.93E-01,-1.17E-01,-7.03E-02,-5.02E-02,-1.18E-01,-7.94E-02,1.52E-02,-6.47E-02,-5.50E-02,-6.56E-04,-1.34E-02,-4.74E+01,0.063302,0.385755,0.011025,-0.102103,-0.000734,0.215725
131,-7.06E-02,-1.51E-01,-7.87E-02,-1.67E-02,-1.33E-01,-4.10E-02,-1.19E-01,-3.59E-02,-2.14E-02,-5.59E-03,-8.00E-02,-3.64E-02,1.44E-03,-3.54E-02,-4.53E-02,-2.36E+01,0.061161,0.402478,-0.004843,-0.096517,0.009624,0.249653
132,-1.26E-01,-1.40E-01,-1.68E-01,-1.09E-01,-1.53E-01,-1.85E-01,-7.62E-02,-6.23E-02,-5.07E-02,-5.90E-02,-1.87E-02,6.41E-03,-4.53E-02,-5.11E-02,-4.08E-02,-3.69E+01,0.063565,0.406916,0.006234,-0.106312,0.002145,0.24169
133,-1.92E-01,9.71E-04,3.03E-02,3.34E-02,8.86E-03,-1.78E-01,-7.73E-02,-9.53E-02,-1.00E-01,1.56E-02,-7.06E-06,-2.05E-02,1.24E-02,6.33E-03,-5.89E-02,-3.62E+01,0.060789,0.414121,0.003426,-0.106208,0.002392,0.243498
134,-7.02E-02,4.00E-02,3.60E-02,-3.10E-02,-1.30E-01,-1.84E-02,-8.00E-02,-1.03E-01,-9.39E-02,-1.98E-02,-3.94E-02,1.90E-02,-4.93E-02,-4.97E-02,7.70E-03,-3.72E+01,0.065776,0.440936,-0.002522,-0.113365,0.009358,0.26794
135,-1.42E-01,-3.92E-02,1.80E-02,-1.84E-01,-1.24E-01,4.71E-02,9.88E-03,-7.65E-02,-6.24E-02,-2.99E-02,-2.80E-02,-3.67E-02,-3.74E-02,-7.43E-03,4.81E-03,-4.12E+01,0.064097,0.451534,-0.003346,-0.116775,0.010743,0.274972
136,-1.20E-01,-6.12E-02,4.77E-02,2.01E-02,-6.43E-02,-1.77E-01,-9.24E-02,-7.33E-02,4.13E-04,-1.76E-02,-5.88E-02,-6.39E-02,-4.00E-02,-3.57E-02,-3.08E-03,-4.91E+01,0.065581,0.450928,0.004373,-0.119066,0.00522,0.2675
137,-9.63E-03,-1.63E-03,-1.13E-01,-1.60E-01,-1.99E-01,-1.31E-02,-5.82E-02,-6.11E-02,-8.13E-02,-4.36E-02,-7.31E-02,-5.16E-03,4.68E-03,-4.05E-02,-5.41E-02,-4.03E+01,0.063752,0.415289,0.002667,-0.106154,0.005098,0.245686
138,-3.09E-02,-4.90E-02,-1.29E-01,-1.30E-01,4.67E-02,-1.73E-01,-1.27E-02,-4.23E-02,3.48E-03,-1.10E-03,-5.36E-02,-4.90E-02,-3.09E-03,-5.94E-02,-3.49E-02,-3.76E+01,0.062543,0.429261,0.002168,-0.109143,0.004675,0.258423
139,-4.55E-02,-1.82E-01,2.52E-02,-1.07E-01,1.40E-02,-3.62E-03,9.06E-03,-1.66E-02,-7.46E-02,-6.94E-02,-7.84E-02,-5.04E-02,-3.29E-02,-2.70E-02,-4.24E-02,-3.17E+01,0.063953,0.399428,-0.003496,-0.09403,0.010296,0.241421
140,-6.66E-02,-6.83E-02,1.90E-02,-3.76E-02,-1.79E-01,-1.11E-01,-3.36E-02,-1.03E-01,-9.83E-02,-7.46E-02,-5.37E-03,-1.16E-02,-5.86E-02,-4.68E-02,-5.05E-02,-4.81E+01,0.065697,0.425148,0.007779,-0.113298,0.002238,0.245999
141,-4.21E-03,-1.35E-01,-3.67E-02,-7.12E-03,-3.67E-02,7.82E-03,-9.20E-02,-9.44E-02,-8.80E-02,9.16E-04,8.54E-03,-1.41E-02,1.10E-02,-7.61E-03,-5.09E-02,-3.54E+01,0.062013,0.435139,-0.002352,-0.11096,0.007643,0.263124
142,-7.83E-02,-5.22E-02,-4.31E-02,-1.82E-01,2.97E-02,-4.08E-03,-5.93E-02,-2.68E-02,-7.59E-03,-4.33E-02,-7.45E-03,-6.84E-02,-4.65E-02,-5.39E-02,-2.93E-02,-3.64E+01,0.065241,0.435797,-0.004555,-0.106166,0.011859,0.268482
143,-1.84E-01,-1.57E-02,7.17E-03,-1.68E-01,-1.47E-01,3.13E-02,-4.98E-02,-4.86E-02,-1.20E-02,-6.73E-02,-7.08E-02,-2.72E-02,-2.23E-02,-2.50E-02,-4.00E-03,-4.39E+01,0.067053,0.468545,-0.003688,-0.121702,0.012459,0.289743
144,-9.14E-02,2.75E-02,-7.40E-02,-6.41E-02,-1.56E-01,-2.81E-02,1.75E-02,-4.47E-02,-2.21E-02,-3.90E-02,-4.66E-03,-4.44E-02,1.67E-02,-3.12E-02,-3.73E-02,-2.58E+01,0.060839,0.425497,-0.005862,-0.104248,0.010268,0.265344
145,-2.48E-02,-1.69E-01,-1.67E-01,-9.53E-02,-1.41E-01,4.46E-02,-3.15E-02,-5.56E-02,-1.98E-02,-2.21E-02,1.57E-02,-4.86E-02,4.21E-03,-4.36E-02,1.03E-02,-4.41E+01,0.062641,0.467046,-0.000854,-0.125167,0.008096,0.283099
146,-2.13E-02,-8.51E-02,-1.97E-01,1.18E-02,-6.78E-02,-1.55E-02,-8.23E-02,5.89E-04,-2.79E-02,-7.76E-02,-3.17E-02,-7.57E-02,1.38E-02,-8.21E-03,-1.39E-02,-4.44E+01,0.063653,0.435701,0.002513,-0.113819,0.00537,0.258557
147,1.85E-02,-6.41E-02,-6.42E-02,-5.92E-02,-9.90E-03,3.70E-02,-5.70E-02,-2.72E-02,-8.07E-02,-4.23E-02,-1.04E-02,-7.12E-02,1.51E-02,-3.83E-02,6.70E-04,-4.29E+01,0.063167,0.430937,-0.000078,-0.110119,0.00711,0.254573
148,4.99E-02,-1.48E-01,-1.18E-01,-1.98E-01,-2.86E-02,1.87E-02,-2.37E-02,-4.63E-02,-7.54E-02,-4.92E-02,-7.93E-02,-2.80E-02,-4.54E-02,3.41E-03,4.52E-03,-2.37E+01,0.060954,0.401115,-0.005105,-0.098283,0.009779,0.24744
149,1.49E-02,-8.07E-02,-7.30E-02,-3.45E-02,-3.11E-02,-1.06E-01,1.51E-02,-7.54E-02,-9.64E-03,1.05E-02,-5.93E-02,-3.60E-03,-5.47E-02,-3.71E-02,8.61E-03,-4.88E+01,0.064397,0.49144,0.002149,-0.135529,0.006057,0.296296
150,-1.64E-01,3.95E-03,-1.13E-01,-1.12E-01,-1.04E-01,-6.69E-02,-3.00E-02,-5.92E-04,-8.00E-02,-2.75E-02,-6.50E-02,-4.14E-03,-3.86E-02,1.94E-03,-2.82E-02,-4.69E+01,0.06268,0.452159,0.004509,-0.123079,0.004132,0.267638
151,4.84E-02,-1.01E-01,-1.31E-01,-7.11E-02,-1.77E-02,-1.10E-01,-1.08E-01,-3.11E-02,-1.30E-02,1.50E-02,-2.34E-02,-5.88E-02,1.77E-02,-3.81E-02,-2.24E-02,-4.27E+01,0.062373,0.443202,0.002242,-0.115787,0.004455,0.264223
152,-9.25E-02,-1.09E-01,-1.04E-01,1.57E-02,-1.42E-01,-1.74E-01,-2.24E-02,-7.21E-02,-1.01E-01,-1.83E-02,-4.33E-02,-7.89E-02,-2.34E-02,-3.17E-03,-2.97E-02,-4.05E+01,0.061064,0.359733,0.011274,-0.090583,-0.003123,0.197464
153,-1.52E-01,-1.73E-01,-3.92E-03,-1.48E-01,-1.02E-01,-1.66E-01,-8.37E-02,4.03E-03,-6.67E-02,-2.30E-02,-9.31E-03,1.56E-02,-3.65E-02,1.95E-02,-1.84E-02,-2.37E+01,0.060094,0.424867,-0.003222,-0.108974,0.008125,0.267353
154,-1.35E-01,-6.67E-03,-4.09E-02,-1.65E-01,-9.18E-02,-1.49E-01,-1.07E-01,-1.70E-02,-1.09E-01,-4.94E-02,-1.84E-02,-1.13E-02,9.23E-03,-4.15E-02,-1.91E-02,-3.61E+01,0.06208,0.407619,0.003715,-0.105418,0.003127,0.240629
155,4.33E-03,-1.51E-02,-2.12E-02,-5.20E-02,-1.18E-01,-4.67E-03,-8.55E-02,-9.09E-02,-9.18E-02,1.89E-02,-2.96E-02,-3.06E-02,-4.95E-02,4.40E-03,-4.42E-02,-3.20E+01,0.06225,0.40907,-0.002284,-0.100643,0.007491,0.245168
156,3.50E-02,-2.23E-02,3.74E-02,-3.94E-02,-1.23E-01,-1.63E-01,-2.42E-02,-5.35E-02,-7.13E-02,-5.20E-02,-7.55E-02,-7.09E-02,-2.38E-02,-1.02E-04,-2.47E-02,-4.44E+01,0.064332,0.399925,0.006639,-0.101525,0.001817,0.228885
157,-6.32E-02,-1.61E-01,-9.86E-02,-6.81E-02,-4.56E-02,1.30E-02,-9.51E-02,-1.06E-01,7.26E-03,-4.51E-02,1.23E-02,-4.36E-02,-5.37E-02,-5.19E-02,-2.31E-02,-4.10E+01,0.066392,0.448958,-0.001969,-0.114129,0.010328,0.275452
158,-4.88E-02,-1.42E-01,-4.52E-02,3.04E-03,2.34E-02,-3.00E-02,-4.60E-02,-3.87E-02,-6.22E-02,-7.83E-02,-4.80E-02,-7.38E-02,-1.99E-02,-4.79E-02,-1.77E-02,-3.23E+01,0.063783,0.39275,-0.001335,-0.093169,0.008084,0.234224
159,-1.15E-01,-1.97E-01,-1.60E-01,-1.78E-01,-5.01E-02,-1.26E-01,1.09E-03,-1.13E-01,-5.24E-02,-5.94E-02,1.88E-02,1.21E-02,9.58E-03,-3.17E-02,-4.00E-02,-3.60E+01,0.061531,0.430908,0.003257,-0.114794,0.003881,0.260383
160,-8.09E-02,1.05E-02,-4.58E-02,3.20E-02,-1.62E-01,-1.57E-01,5.35E-05,-1.19E-01,-8.63E-02,-6.79E-02,-7.25E-02,1.75E-02,1.11E-02,5.90E-03,4.36E-03,-2.85E+01,0.06196,0.414025,0.000803,-0.107864,0.004347,0.250911
161,-2.92E-02,-8.46E-03,-2.67E-02,-1.19E-01,-4.46E-02,-1.42E-01,-1.15E-01,-7.24E-02,-9.17E-03,1.69E-02,-3.42E-02,-4.64E-02,7.54E-03,9.68E-03,-2.04E-02,-3.79E+01,0.062722,0.44439,-0.000617,-0.114692,0.006542,0.269547
162,3.57E-02,-1.54E-01,-9.88E-02,4.69E-02,-3.94E-02,2.16E-02,-1.12E-01,-5.41E-02,-1.00E-02,6.75E-03,6.67E-03,-6.82E-03,-4.33E-02,-4.39E-02,1.73E-02,-4.95E+01,0.065547,0.512909,-0.001916,-0.141734,0.009622,0.313139
163,4.75E-02,-9.21E-02,-1.74E-01,-1.98E-01,2.03E-02,3.86E-02,-7.58E-02,-5.31E-02,-7.97E-02,1.01E-02,-5.64E-02,-3.53E-02,-5.03E-02,1.70E-02,-1.36E-03,-2.78E+01,0.060686,0.409021,-0.003565,-0.102111,0.00831,0.249067
164,-7.25E-02,-4.18E-02,-1.86E-02,-1.15E-01,-1.68E-01,-1.81E-01,-1.03E-01,1.42E-02,9.13E-03,-4.53E-02,1.64E-02,-1.60E-02,-3.62E-03,1.15E-02,-4.78E-02,-2.48E+01,0.061609,0.443038,-0.005376,-0.112088,0.009948,0.281568
165,-5.08E-02,-1.77E-01,-6.89E-02,8.80E-03,-8.18E-02,-1.20E-01,-3.73E-02,-8.03E-02,-3.27E-02,-5.11E-03,-4.46E-02,1.34E-02,-4.41E-02,-2.50E-02,9.49E-03,-3.72E+01,0.064017,0.453419,0.000056,-0.120508,0.006852,0.277701
166,3.14E-02,-1.74E-02,-7.56E-02,-1.88E-01,1.95E-02,-1.35E-01,-1.53E-02,-4.18E-03,-3.57E-02,-1.94E-02,-9.59E-03,-3.84E-02,-2.26E-02,-5.87E-02,1.81E-02,-4.66E+01,0.062562,0.470158,0.00243,-0.127723,0.004877,0.281191
167,-1.63E-01,4.27E-02,-2.72E-03,-1.55E-01,-1.21E-01,-1.90E-01,-4.57E-02,-8.34E-02,-5.57E-02,-7.31E-03,1.31E-02,-7.52E-02,-3.77E-02,4.91E-03,1.54E-02,-4.37E+01,0.061891,0.418908,0.005982,-0.110543,0.001843,0.243037
168,-6.23E-03,-7.04E-02,-9.12E-02,-1.66E-01,-1.71E-02,4.96E-02,-1.08E-01,1.07E-02,-1.10E-01,-7.23E-02,-2.89E-02,-5.95E-02,-2.40E-02,-1.96E-02,-3.95E-02,-4.01E+01,0.064201,0.397848,0.001249,-0.097541,0.00668,0.232718
169,-1.36E-01,-1.72E-01,-4.33E-02,3.59E-02,2.47E-02,-1.89E-01,5.07E-03,-5.09E-02,-6.28E-02,-6.97E-02,-2.31E-02,-4.98E-02,-6.14E-03,9.98E-03,1.11E-03,-2.28E+01,0.059057,0.391369,-0.000186,-0.097296,0.004665,0.238156
170,-1.11E-01,-4.05E-02,-3.32E-02,-1.11E-01,-1.08E-01,-3.50E-02,-1.18E-01,-1.01E-01,-3.15E-02,-3.95E-02,-3.10E-02,-7.68E-02,-5.35E-03,-2.81E-02,-5.36E-02,-2.45E+01,0.061549,0.384106,-0.003954,-0.089222,0.00906,0.233484
171,-1.09E-01,-8.56E-02,-1.89E-01,-1.96E-01,3.40E-02,-8.89E-02,-2.39E-03,-7.16E-02,-9.73E-02,1.35E-02,-6.08E-02,-1.55E-02,-2.29E-02,8.14E-03,-1.86E-02,-4.18E+01,0.059944,0.417197,0.006556,-0.112218,0.00088,0.241923
172,3.51E-02,-5.95E-02,-3.51E-02,-1.77E-01,-1.03E-01,-3.16E-02,-6.27E-02,9.68E-03,-1.15E-01,-6.83E-02,1.61E-02,-1.36E-02,-4.17E-02,-2.34E-02,1.75E-02,-3.36E+01,0.063003,0.426657,-0.002017,-0.109803,0.007906,0.258393
173,-1.91E-01,-1.40E-01,-1.22E-01,-5.77E-02,-1.01E-01,-1.88E-01,-6.59E-02,5.53E-03,-9.96E-02,-5.54E-02,-9.22E-03,3.77E-03,1.06E-02,-5.78E-02,-1.51E-02,-2.57E+01,0.059159,0.394819,0.00282,-0.101669,0.00268,0.238722
174,-1.82E-01,-1.80E-01,-1.98E-01,-1.06E-01,-5.18E-02,3.09E-02,3.91E-03,-8.63E-02,-9.70E-02,-4.40E-02,-1.47E-03,6.58E-03,-3.23E-02,-4.22E-02,-1.04E-03,-4.07E+01,0.062205,0.436409,0.002654,-0.11736,0.005561,0.260886
175,-4.73E-02,-1.03E-01,-1.59E-01,2.94E-02,-8.73E-02,3.06E-02,-1.44E-02,1.82E-02,-7.44E-02,1.40E-02,-1.64E-02,-1.37E-03,-1.77E-02,-2.76E-02,-3.19E-02,-4.49E+01,0.061744,0.477377,0.000092,-0.129702,0.006727,0.287731
176,-1.40E-01,-1.46E-01,2.12E-02,-1.03E-01,-5.90E-02,-1.30E-01,-1.16E-01,-1.49E-02,-1.16E-01,-4.26E-02,-2.68E-02,-3.44E-02,1.82E-02,-3.76E-02,1.43E-02,-2.79E+01,0.060667,0.396583,0.000035,-0.10001,0.005415,0.238377
177,-1.68E-01,-1.16E-01,-1.72E-01,-4.28E-02,-8.92E-02,-1.47E-01,-4.32E-02,-2.86E-02,-4.93E-02,-2.39E-02,-2.99E-02,-3.58E-02,4.75E-04,-4.02E-03,-4.02E-02,-2.48E+01,0.058335,0.390993,0.001332,-0.097824,0.003705,0.236774
178,1.10E-02,-1.51E-01,-6.26E-02,-2.19E-02,-1.62E-01,-1.41E-01,-7.45E-02,-3.40E-02,-1.11E-01,-5.38E-02,-3.44E-02,-6.23E-02,-3.27E-02,-1.65E-02,1.69E-02,-3.30E+01,0.062011,0.371537,0.005243,-0.093113,0.001283,0.212795
179,-1.13E-01,-8.26E-02,-5.32E-02,-1.48E-01,-1.74E-01,-1.05E-01,3.41E-03,-1.39E-02,-3.53E-02,-7.59E-02,-7.57E-02,-6.65E-02,-1.09E-02,-1.55E-02,-3.45E-02,-2.90E+01,0.061941,0.387202,-0.00047,-0.092604,0.00698,0.233046
180,-1.29E-01,2.49E-02,-1.46E-01,1.24E-02,-1.83E-01,-1.39E-01,-3.04E-02,2.60E-03,-8.36E-02,-6.01E-02,3.23E-03,-2.55E-02,6.09E-03,1.12E-02,-4.63E-02,-3.36E+01,0.060119,0.409736,0.003461,-0.105967,0.002247,0.243
181,8.68E-03,-4.84E-04,-3.26E-02,-6.65E-02,-1.89E-01,-9.06E-02,-1.14E-01,-1.13E-01,-1.06E-02,-5.47E-02,-3.30E-02,-2.86E-02,-4.25E-02,7.82E-03,-2.72E-02,-3.04E+01,0.064495,0.424817,-0.003528,-0.106074,0.009206,0.261687
182,-1.31E-01,-3.49E-02,-1.07E-01,-9.69E-02,-1.78E-01,-1.97E-01,-9.01E-02,1.54E-02,-1.80E-02,-3.36E-02,1.90E-03,-2.85E-02,-2.18E-03,1.88E-02,-4.58E-02,-3.51E+01,0.061733,0.436605,0.001682,-0.114119,0.004744,0.265853
183,-1.24E-02,2.22E-02,-6.69E-02,-1.54E-01,-1.59E-01,-1.01E-01,-1.18E-01,-3.77E-02,-9.51E-02,5.41E-03,-3.64E-02,-7.22E-02,1.98E-02,-5.91E-02,-2.80E-03,-2.15E+01,0.05784,0.364795,-0.000127,-0.087158,0.003872,0.216493
184,-1.45E-01,-9.12E-02,-7.70E-02,-7.30E-02,-6.82E-02,-1.58E-01,-1.84E-02,-6.76E-02,-2.67E-02,-4.47E-02,-1.78E-02,1.84E-02,-1.09E-04,-3.22E-02,-5.95E-02,-3.29E+01,0.062711,0.441715,-0.000233,-0.114377,0.006724,0.272664
185,-4.60E-03,-9.62E-02,-1.55E-01,-3.15E-02,-1.93E-01,-1.28E-01,-6.39E-02,-1.19E-01,-1.05E-01,-3.06E-02,-3.72E-02,1.86E-02,1.34E-02,-1.94E-02,-4.46E-03,-4.68E+01,0.062711,0.4328,0.009655,-0.122282,-0.001558,0.247796
186,-1.97E-01,-1.74E-01,-7.53E-03,4.18E-02,-2.32E-02,4.86E-02,-8.43E-02,-6.85E-03,-6.85E-02,-4.97E-02,-5.09E-03,-6.80E-02,-5.26E-02,-1.99E-02,1.10E-02,-4.49E+01,0.065034,0.441599,-0.000704,-0.113315,0.009706,0.264815
187,-1.77E-01,-9.86E-02,-1.20E-01,-1.22E-01,3.03E-02,-1.94E-01,1.56E-02,-1.05E-01,-6.69E-02,-2.13E-02,-5.59E-02,-3.23E-02,-2.05E-02,1.89E-02,-4.22E-02,-4.61E+01,0.060911,0.41748,0.010007,-0.113178,-0.00122,0.239228
188,-2.16E-03,2.13E-02,-1.97E-01,-1.53E-01,1.24E-02,-8.03E-02,-8.22E-02,1.90E-02,-7.25E-02,1.96E-02,7.86E-03,7.41E-03,-4.21E-02,-5.52E-02,-5.75E-02,-2.35E+01,0.05899,0.412827,-0.00278,-0.103059,0.006475,0.255209
189,-1.34E-01,-1.02E-01,-8.63E-02,-6.18E-02,-1.75E-01,-1.19E-01,-3.56E-02,-9.02E-02,9.47E-03,1.93E-02,-1.69E-02,-5.24E-02,-7.21E-03,-2.40E-02,-4.46E-02,-2.53E+01,0.059902,0.409932,-0.002372,-0.100818,0.007361,0.253483
190,-4.79E-02,-1.86E-01,-1.23E-01,4.34E-02,-6.66E-02,-3.58E-02,-2.51E-03,-1.06E-01,-1.11E-01,1.63E-02,-8.64E-03,1.73E-03,-5.58E-02,-3.66E-03,-1.56E-02,-4.80E+01,0.061904,0.447062,0.006635,-0.12419,0.001428,0.258609
191,-1.28E-02,-3.98E-02,7.65E-03,-4.87E-02,-5.07E-02,-8.58E-02,-4.20E-02,-2.70E-03,-6.59E-02,-5.51E-02,-3.14E-02,-4.60E-02,-3.11E-02,1.91E-02,-3.91E-02,-3.55E+01,0.063237,0.422849,-0.001436,-0.105265,0.007539,0.254717
192,-8.40E-02,-3.34E-02,-4.45E-02,-1.60E-01,-1.20E-01,-5.47E-02,1.13E-02,7.12E-03,-1.13E-01,-6.07E-02,-8.98E-03,-2.39E-03,5.00E-03,-5.39E-03,-2.68E-02,-3.05E+01,0.060557,0.421828,-0.001676,-0.107875,0.006907,0.2567
193,-9.87E-02,-4.36E-02,2.81E-02,-1.59E-01,-1.48E-01,-5.09E-02,1.95E-02,-5.87E-02,1.43E-02,-2.71E-02,5.43E-03,-1.66E-02,2.52E-03,-5.34E-02,6.58E-03,-3.43E+01,0.064232,0.48208,-0.007548,-0.124853,0.013461,0.305876
194,3.73E-02,-1.99E-01,-1.41E-01,3.02E-02,-6.34E-02,-4.77E-02,3.63E-03,-9.75E-02,-3.55E-02,-3.63E-02,1.01E-02,-7.91E-02,-4.53E-03,-1.87E-02,-4.65E-02,-2.54E+01,0.059642,0.386183,-0.001327,-0.092469,0.005678,0.231906
195,-8.22E-02,-1.32E-01,-1.15E-01,-3.86E-02,2.09E-02,-1.03E-01,-6.94E-02,-1.06E-03,-8.16E-02,-2.47E-02,4.76E-03,9.91E-04,-3.41E-02,1.07E-02,-5.98E-04,-4.10E+01,0.062058,0.456951,0.002197,-0.124416,0.004592,0.274809
196,2.77E-02,-7.86E-02,-1.28E-01,-1.57E-01,-7.95E-02,1.23E-02,1.39E-02,-2.49E-02,-1.05E-01,-7.73E-02,1.38E-02,-2.49E-02,1.79E-03,-2.52E-02,-1.10E-02,-2.23E+01,0.058893,0.400061,-0.004264,-0.098748,0.007978,0.246068
197,3.02E-03,-7.20E-02,-1.81E-01,-1.25E-01,-1.81E-01,-1.31E-01,-9.83E-02,-2.53E-02,2.00E-02,-5.01E-02,-2.57E-02,1.66E-02,-1.62E-02,1.33E-02,1.58E-02,-2.83E+01,0.063442,0.46239,-0.004045,-0.123206,0.009479,0.293914
198,-1.76E-01,-1.47E-01,-1.87E-01,1.37E-02,-9.93E-02,-9.10E-02,-1.04E-01,-6.53E-02,-8.26E-02,1.18E-02,-1.67E-02,-6.61E-02,-7.10E-03,7.80E-03,1.64E-02,-3.88E+01,0.060054,0.395795,0.006569,-0.10395,0.000639,0.22756
199,-1.48E-01,-3.10E-02,-1.15E-01,-1.91E-01,-9.26E-02,1.36E-02,2.77E-03,-1.52E-04,-1.26E-02,-5.82E-02,2.61E-03,-1.56E-02,6.25E-03,-2.83E-02,-5.73E-02,-3.84E+01,0.063658,0.472802,-0.004332,-0.122736,0.011405,0.295134
200,-3.25E-02,-1.14E-01,-1.49E-01,-1.40E-01,-1.51E-01,-1.02E-01,-9.29E-02,-3.04E-02,-4.51E-02,-1.40E-02,1.76E-04,1.24E-02,-3.51E-02,-9.01E-03,1.47E-02,-4.37E+01,0.063447,0.470747,0.002767,-0.130807,0.004933,0.284376
201,-1.85E-01,-1.20E-01,-8.05E-02,-7.77E-02,-1.14E-01,-6.90E-02,1.63E-02,-3.01E-02,-1.17E-01,1.77E-02,-1.53E-02,-7.49E-02,-3.95E-02,-3.49E-02,-2.15E-02,-2.08E+01,0.056687,0.3497,0.001181,-0.081726,0.003432,0.205059
202,-6.91E-02,-2.01E-02,1.65E-02,3.93E-02,-1.13E-01,-1.07E-01,-7.49E-02,-5.18E-02,-8.65E-02,-4.43E-03,1.98E-02,1.96E-02,-3.03E-02,-6.33E-03,8.38E-03,-4.75E+01,0.063675,0.490158,0.002099,-0.137558,0.005061,0.293013
203,-1.75E-02,4.57E-02,-1.91E-01,-4.46E-02,-1.15E-01,-1.71E-03,-2.93E-02,-1.02E-01,-3.99E-02,2.96E-03,-2.46E-02,-7.13E-02,-6.57E-03,1.27E-02,-1.53E-02,-2.40E+01,0.058863,0.396195,-0.003075,-0.096865,0.00664,0.240697
204,1.37E-03,-1.90E-01,-1.08E-01,-1.04E-01,-1.55E-01,-7.20E-02,-4.24E-02,-1.19E-01,-1.03E-01,-6.41E-02,9.94E-03,-4.23E-02,-3.43E-02,-2.22E-02,-1.65E-02,-3.00E+01,0.061117,0.374892,0.002978,-0.093518,0.003009,0.21895
205,-1.69E-01,-1.57E-01,-8.35E-02,-1.43E-01,-8.51E-02,-9.49E-02,-5.16E-02,-1.15E-01,-8.51E-04,-3.11E-02,-4.40E-02,-7.95E-02,-2.62E-02,-1.90E-02,-5.11E-02,-2.52E+01,0.061057,0.378379,-0.001195,-0.088809,0.007324,0.229124
206,-7.62E-02,4.15E-02,-1.56E-01,-2.69E-02,-3.74E-02,3.76E-02,-1.37E-02,-4.49E-02,-2.52E-02,-2.12E-02,-7.77E-02,-5.32E-02,-1.85E-02,-4.86E-02,-1.67E-02,-2.63E+01,0.062281,0.412085,-0.005963,-0.098664,0.010855,0.254355
207,-2.01E-02,-1.00E-01,-5.28E-02,-9.42E-02,-1.46E-01,-1.40E-01,1.77E-02,1.02E-02,-1.16E-01,-2.87E-02,-3.73E-02,1.49E-02,-1.41E-02,1.16E-04,-3.98E-02,-2.69E+01,0.059528,0.405283,0.000681,-0.103477,0.003972,0.245257
208,4.15E-02,-1.65E-01,-5.42E-02,-1.18E-01,-2.91E-02,-3.77E-02,-5.03E-02,-5.43E-02,-2.56E-02,-4.41E-02,-5.39E-02,-7.40E-02,1.48E-02,1.46E-02,1.79E-02,-4.19E+01,0.0637,0.440452,-0.000279,-0.114316,0.007382,0.264293
209,-3.49E-02,-6.79E-02,-6.01E-02,-9.71E-02,-1.31E-01,-1.72E-01,-1.20E-01,-7.92E-02,-4.46E-02,-6.11E-02,-5.96E-02,2.79E-03,-2.24E-02,-5.79E-02,-9.42E-04,-2.18E+01,0.061415,0.39548,-0.002025,-0.098121,0.006812,0.244445
210,-5.22E-02,-5.70E-03,-1.38E-01,-1.30E-01,-1.94E-01,-1.34E-01,-6.97E-02,-8.17E-02,-4.31E-03,2.70E-03,4.62E-03,-3.92E-02,-1.18E-02,-3.69E-02,-2.86E-02,-4.70E+01,0.06245,0.457343,0.004792,-0.124383,0.003175,0.271331
211,-8.44E-03,-1.10E-01,-2.20E-02,-7.43E-02,-5.26E-04,2.09E-02,-1.20E-02,-2.24E-02,-1.20E-01,-6.61E-02,-5.49E-02,-7.82E-02,-6.87E-03,7.25E-03,-5.76E-02,-4.06E+01,0.063492,0.383468,0.003019,-0.092192,0.005016,0.21946
212,-8.00E-02,-9.70E-02,1.53E-02,-1.29E-01,-3.62E-02,-1.85E-01,-2.74E-02,-7.42E-02,-9.28E-02,1.12E-02,-7.02E-03,-3.02E-02,-9.73E-03,-4.42E-02,-2.70E-02,-2.53E+01,0.058846,0.389334,0.000844,-0.096449,0.003654,0.233687
213,-6.14E-02,-1.47E-02,3.52E-02,3.55E-02,4.60E-02,3.32E-02,-1.56E-02,-1.14E-01,-8.45E-02,-3.70E-02,-2.38E-02,-5.44E-02,-4.74E-02,-3.36E-02,-1.81E-02,-2.70E+01,0.063306,0.404769,-0.006649,-0.095261,0.011465,0.246499
214,-9.64E-02,-1.02E-01,-1.65E-01,-5.95E-02,-1.55E-01,-6.77E-02,-2.30E-02,-3.96E-02,7.70E-03,1.81E-02,-6.56E-02,-3.14E-02,-5.24E-02,-5.53E-02,8.01E-03,-2.47E+01,0.061336,0.416874,-0.00396,-0.10348,0.009371,0.260595
215,3.23E-02,2.67E-02,-1.50E-01,-1.11E-02,-1.98E-01,4.07E-02,-1.04E-02,-1.01E-02,-8.69E-02,3.84E-03,-4.92E-02,-4.72E-02,-1.74E-02,-1.15E-02,9.82E-03,-3.97E+01,0.061762,0.428493,0.000277,-0.11106,0.005786,0.253352
216,-1.48E-01,1.54E-02,-9.66E-02,-3.91E-02,4.87E-02,-1.08E-01,-4.39E-03,-7.11E-02,-9.76E-02,-8.76E-03,-1.98E-02,-3.01E-03,1.64E-02,-1.62E-02,-1.44E-02,-2.85E+01,0.059164,0.419632,-0.000374,-0.108252,0.004735,0.254682
217,-8.51E-02,1.77E-02,-1.62E-01,-7.65E-02,-2.70E-02,-3.68E-02,-8.89E-02,-1.11E-01,-2.46E-02,-5.65E-02,-1.92E-02,-1.27E-02,6.77E-03,2.97E-03,-5.97E-02,-4.93E+01,0.063955,0.474994,0.003229,-0.13053,0.005267,0.283368
218,4.89E-03,-8.01E-02,-3.85E-02,-9.97E-02,6.23E-03,-2.72E-02,-4.77E-02,-6.18E-03,1.77E-03,1.52E-02,-5.72E-02,1.89E-03,-2.54E-02,-4.00E-02,1.13E-02,-4.19E+01,0.065532,0.503268,-0.005459,-0.134216,0.012185,0.314881
219,-8.17E-02,-1.43E-01,-1.21E-01,-1.96E-01,-1.27E-02,-9.24E-02,-2.69E-02,-1.14E-02,-3.37E-02,-2.48E-02,1.53E-02,-1.05E-02,-3.05E-02,-2.10E-02,-4.71E-02,-2.69E+01,0.060455,0.428813,-0.003352,-0.108163,0.008618,0.267716
220,-1.70E-01,-1.92E-01,-9.52E-02,2.80E-02,-1.16E-01,-1.38E-02,-1.07E-01,-3.64E-02,-8.42E-02,-6.39E-02,-2.37E-02,-2.24E-02,-1.27E-02,-1.10E-02,-2.51E-03,-2.34E+01,0.060423,0.401857,-0.003772,-0.099905,0.008827,0.248529
221,-1.85E-02,3.47E-03,-2.92E-02,-3.46E-03,-1.27E-01,-7.54E-02,-9.90E-02,-3.52E-02,-3.84E-02,-4.49E-02,-1.33E-02,-7.83E-02,-3.19E-02,5.36E-03,-5.66E-02,-4.33E+01,0.064523,0.418608,0.002552,-0.104535,0.005488,0.246477
222,-1.74E-01,1.38E-02,-5.58E-02,-1.50E-02,-1.77E-01,2.93E-02,-1.45E-03,-1.81E-02,4.57E-03,-3.18E-02,1.42E-02,-3.26E-02,-3.37E-02,-1.74E-02,-3.08E-02,-4.58E+01,0.064969,0.50273,-0.00411,-0.134258,0.011901,0.311562
223,-1.80E-01,-1.23E-02,-1.32E-01,-1.71E-01,-1.71E-01,-6.50E-02,-5.54E-02,5.94E-03,1.67E-02,-6.68E-02,-1.50E-02,-2.94E-04,-2.94E-02,-4.59E-02,-2.75E-02,-2.60E+01,0.063479,0.444666,-0.006507,-0.111897,0.012551,0.28425
224,-4.01E-02,-4.80E-02,-1.93E-01,3.98E-02,-1.87E-01,1.98E-02,-4.67E-02,-7.77E-03,-3.88E-02,-4.12E-02,1.74E-02,1.37E-02,-1.34E-02,2.00E-02,-5.04E-02,-2.33E+01,0.060617,0.44102,-0.006819,-0.111953,0.010621,0.280268
225,-4.58E-02,-5.83E-02,1.09E-02,-6.27E-02,-7.01E-02,-1.95E-01,-8.61E-02,-7.19E-02,-5.75E-02,-6.13E-02,-1.42E-02,-7.27E-02,3.70E-03,5.70E-03,-2.95E-02,-4.15E+01,0.063173,0.40246,0.005906,-0.10258,0.001747,0.232806
226,-1.22E-01,-1.88E-01,-1.66E-01,-3.24E-02,-2.16E-02,2.64E-03,-1.08E-01,-7.76E-02,-2.08E-02,-4.75E-02,-6.91E-03,-1.88E-02,-5.13E-02,-4.49E-02,-1.25E-02,-2.71E+01,0.06299,0.42463,-0.00492,-0.10602,0.010931,0.265568
227,-1.25E-01,-1.78E-01,-7.58E-02,-4.10E-02,-1.63E-01,2.75E-02,-6.11E-02,-9.71E-02,1.25E-02,-3.61E-02,-6.66E-02,-3.35E-02,-4.33E-04,1.60E-03,-2.56E-02,-3.94E+01,0.06547,0.452798,-0.00313,-0.116124,0.010887,0.279707
228,-2.69E-02,-8.75E-02,-6.56E-02,-1.52E-02,2.21E-03,-1.54E-01,-3.92E-03,-7.79E-02,-2.43E-02,-7.04E-02,1.76E-02,-6.26E-04,1.35E-02,1.21E-02,-3.38E-02,-4.82E+01,0.063276,0.499789,0.00281,-0.140697,0.004554,0.301059
229,-1.71E-01,4.85E-02,-1.52E-01,-9.14E-02,-2.41E-02,-6.99E-02,-9.60E-02,-5.24E-02,-3.42E-02,-3.69E-02,-5.22E-02,-2.33E-02,-1.71E-03,-2.83E-03,-1.01E-02,-3.09E+01,0.061998,0.429281,-0.002286,-0.109687,0.007882,0.263935
230,-3.18E-02,-1.06E-01,-8.74E-03,-6.34E-02,8.73E-03,-4.74E-02,-3.61E-02,-7.02E-02,-6.42E-02,-6.70E-03,-3.87E-02,-4.29E-02,1.57E-02,4.15E-03,-2.36E-02,-2.18E+01,0.059107,0.405263,-0.005676,-0.098052,0.009019,0.251083
231,1.03E-02,-1.48E-01,-1.97E-02,-3.33E-02,-1.35E-01,-1.44E-01,1.87E-02,-1.02E-01,-1.09E-01,-6.25E-02,-6.63E-02,4.53E-03,8.93E-03,1.72E-02,5.51E-03,-4.94E+01,0.063395,0.447312,0.008815,-0.126851,-0.000227,0.256823
232,-1.12E-01,-1.25E-01,-5.23E-02,-1.21E-01,-5.36E-02,4.91E-02,-6.52E-02,1.31E-02,-8.35E-02,-2.23E-02,-6.76E-02,1.81E-02,-3.71E-02,1.77E-02,-5.17E-03,-4.34E+01,0.064575,0.476786,-0.0025,-0.128392,0.010354,0.291994
233,7.70E-03,-3.53E-02,-6.76E-02,3.66E-03,-1.26E-01,2.47E-02,5.47E-03,-9.03E-02,-6.75E-02,-6.05E-02,-2.86E-02,-1.81E-03,-5.64E-02,-8.90E-03,-1.22E-02,-3.27E+01,0.064388,0.435159,-0.004343,-0.109976,0.010129,0.267371
234,-1.03E-02,-1.18E-01,-1.81E-01,-1.58E-01,-1.07E-01,-6.60E-02,-9.19E-02,-1.15E-01,1.51E-02,-5.50E-02,-1.89E-02,-2.41E-02,-3.55E-02,-5.16E-02,-3.81E-02,-2.57E+01,0.062862,0.41133,-0.003341,-0.101551,0.009088,0.255798
235,-1.56E-01,1.10E-02,1.25E-02,-1.90E-01,-8.85E-02,2.99E-02,-7.65E-02,-7.47E-02,-9.05E-02,-7.57E-03,-3.03E-03,-2.18E-02,-1.49E-02,4.45E-03,8.89E-03,-2.84E+01,0.061533,0.435267,-0.006908,-0.110154,0.011511,0.271038
236,-4.27E-02,-1.49E-01,-1.99E-01,1.82E-02,4.02E-02,4.24E-02,-5.69E-02,-5.14E-02,-6.39E-02,-4.62E-02,-8.10E-03,9.43E-03,-9.03E-03,-2.15E-02,-8.25E-03,-3.31E+01,0.062745,0.452043,-0.003732,-0.118046,0.009369,0.279749
237,-2.41E-02,-1.37E-01,-5.86E-02,-6.70E-02,-1.06E-01,-2.00E-01,-9.37E-02,-8.11E-02,-5.82E-02,9.34E-03,-1.46E-02,-4.96E-02,1.23E-03,-3.38E-02,-4.42E-02,-4.57E+01,0.061537,0.413959,0.008678,-0.109783,-0.000762,0.237064
238,-1.66E-01,-4.53E-02,-1.17E-02,2.22E-02,-8.08E-02,-6.19E-02,-2.11E-02,-1.85E-02,1.22E-02,-1.10E-02,-2.10E-02,-5.54E-02,1.84E-03,3.72E-03,1.27E-02,-3.94E+01,0.063679,0.481076,-0.00472,-0.126026,0.011083,0.299079
239,5.64E-03,1.28E-02,1.37E-02,5.17E-04,-1.13E-01,-1.00E-01,-1.13E-01,-6.05E-02,-5.89E-02,8.49E-03,-4.35E-02,-3.47E-02,-2.86E-02,2.69E-03,-1.18E-02,-4.15E+01,0.063951,0.437188,0.00093,-0.113172,0.005734,0.259993
240,2.98E-02,-1.26E-01,-4.69E-02,-1.82E-01,-1.17E-01,-1.10E-02,8.57E-03,1.18E-02,-3.31E-02,-5.19E-02,1.06E-02,-1.45E-02,1.00E-02,-3.36E-04,-5.49E-02,-2.80E+01,0.061515,0.447957,-0.007293,-0.112216,0.011866,0.282713
241,-4.01E-02,-4.80E-02,-1.93E-01,3.98E-02,-1.87E-01,1.98E-02,-4.67E-02,-7.77E-03,-3.88E-02,-4.12E-02,1.74E-02,1.37E-02,-1.34E-02,2.00E-02,-5.04E-02,-2.33E+01,0.060617,0.44102,-0.006819,-0.111953,0.010621,0.280268
242,-1.44E-02,-9.27E-02,-3.13E-02,-1.44E-01,-4.63E-03,-1.44E-01,1.30E-02,-3.13E-03,-7.58E-02,-7.40E-02,1.68E-02,-4.48E-02,-5.43E-02,1.61E-02,6.33E-03,-3.17E+01,0.061611,0.416607,-0.000248,-0.106076,0.005928,0.251561
243,-1.87E-01,3.74E-02,-1.02E-01,7.14E-03,3.60E-02,-2.00E-02,-1.78E-02,-8.00E-02,2.77E-03,-6.25E-02,-1.81E-02,-5.67E-02,-9.28E-03,-5.67E-02,-1.89E-02,-3.73E+01,0.064857,0.444193,-0.003197,-0.110912,0.010295,0.273035
244,-9.30E-02,-9.47E-02,6.18E-03,4.06E-02,-1.09E-01,-6.53E-03,-4.86E-02,-1.08E-01,-3.68E-02,-1.39E-02,1.05E-02,-1.68E-02,-2.36E-02,-4.89E-02,-4.80E-02,-2.30E+01,0.061632,0.423251,-0.008007,-0.102245,0.012114,0.266711
245,3.91E-02,-1.78E-01,4.46E-02,2.35E-02,-1.67E-01,-1.70E-01,-8.73E-02,4.47E-03,-1.06E-01,-1.82E-02,-3.81E-04,1.39E-02,-5.91E-02,-1.40E-02,-2.05E-02,-2.42E+01,0.06114,0.410678,-0.002162,-0.103867,0.006204,0.252782
246,-1.61E-01,-8.40E-02,9.35E-03,-1.08E-01,-3.09E-03,3.21E-02,-1.10E-01,7.04E-03,-2.50E-02,-6.52E-02,-4.59E-02,-2.68E-02,-2.03E-02,9.08E-03,5.66E-03,-2.87E+01,0.064747,0.457286,-0.010622,-0.114133,0.016085,0.292047
247,-1.76E-01,-1.63E-02,-1.94E-01,-1.42E-01,-6.15E-02,1.39E-02,-8.51E-02,-9.86E-02,-1.04E-01,-3.91E-02,-3.18E-02,-4.06E-02,-4.05E-02,-7.96E-03,-1.05E-02,-4.31E+01,0.06298,0.397214,0.006209,-0.103294,0.002718,0.22813
248,-1.99E-01,3.48E-02,-3.38E-02,-1.22E-02,-5.39E-03,-1.92E-01,-5.85E-02,-1.14E-01,1.84E-04,-5.10E-02,1.50E-03,-2.65E-02,-4.19E-02,-5.81E-02,-5.52E-02,-2.88E+01,0.063445,0.416698,-0.001593,-0.102266,0.007702,0.256262
249,-7.43E-02,4.77E-02,-7.14E-02,-1.81E-01,-1.61E-01,-1.19E-01,-8.50E-02,-7.51E-02,-3.06E-02,-4.06E-02,-5.62E-02,-9.25E-03,-5.81E-02,1.01E-02,-1.66E-03,-4.02E+01,0.065176,0.439366,0.001646,-0.115592,0.006316,0.265502
250,-1.79E-01,-1.91E-01,-2.74E-02,-8.23E-03,-9.46E-02,-5.19E-02,-2.80E-02,-5.45E-03,1.08E-02,-7.14E-02,-3.36E-02,-4.34E-02,-5.80E-02,-1.71E-02,-3.64E-02,-3.87E+01,0.066359,0.45129,-0.002863,-0.113747,0.011477,0.280362
251,3.42E-02,-1.52E-01,-1.72E-01,3.09E-02,-1.82E-01,-1.46E-01,-4.10E-02,-2.03E-03,-1.15E-02,-4.02E-02,-7.89E-02,-7.86E-02,3.24E-03,1.22E-02,-5.85E-03,-3.13E+01,0.061573,0.397379,0.001954,-0.099561,0.003743,0.236786
252,-8.94E-02,-5.20E-03,-9.97E-02,-1.84E-01,-6.52E-02,-1.96E-01,4.12E-04,-7.03E-03,-1.13E-01,-3.43E-02,-6.27E-02,-4.11E-02,-7.91E-04,8.40E-03,1.98E-02,-2.62E+01,0.058418,0.378126,0.004063,-0.096465,0.000917,0.222492
253,4.03E-02,4.51E-02,-1.09E-01,1.00E-02,-1.09E-01,-3.49E-02,1.90E-02,-4.23E-02,-4.04E-02,-4.18E-02,-6.46E-03,1.44E-02,-1.22E-02,-2.79E-02,6.65E-03,-2.22E+01,0.061049,0.44477,-0.008083,-0.11282,0.011015,0.283398
254,-1.96E-01,-1.80E-02,-1.32E-01,-1.00E-01,4.20E-02,-7.59E-02,-3.64E-02,-5.99E-02,-1.66E-02,6.23E-03,-2.87E-03,-2.25E-02,-2.34E-02,-2.46E-02,-5.25E-02,-3.14E+01,0.061351,0.438758,-0.002797,-0.11086,0.008501,0.271635
255,-6.60E-02,-5.44E-02,-8.48E-02,-1.99E-01,1.92E-02,1.16E-02,-3.14E-02,-4.91E-02,-3.83E-04,5.99E-03,-5.10E-02,-5.47E-02,1.03E-02,1.32E-02,-2.77E-02,-2.39E+01,0.06056,0.43034,-0.00847,-0.104676,0.012456,0.272182
256,-5.04E-02,-7.65E-02,-1.27E-01,-1.31E-01,-1.42E-02,4.56E-02,-2.61E-02,-3.63E-02,-7.94E-02,7.86E-03,-6.02E-02,-6.14E-02,-4.97E-02,-3.93E-02,-5.07E-02,-2.02E+01,0.059054,0.367056,-0.004464,-0.083075,0.008713,0.221608
257,1.62E-02,1.72E-02,-1.95E-01,-2.64E-02,-1.83E-02,-1.38E-01,-1.07E-01,-3.81E-02,-1.12E-01,1.26E-02,1.08E-03,3.10E-03,1.94E-02,-5.74E-02,-2.59E-02,-3.48E+01,0.059715,0.414607,0.004704,-0.109791,0.000134,0.243131
258,-1.19E-01,-1.63E-01,4.47E-04,4.95E-02,-7.32E-02,-8.50E-02,-1.11E-01,-7.31E-02,-1.12E-01,-7.07E-02,-7.05E-02,-5.34E-02,-1.57E-02,-8.35E-04,-3.11E-02,-4.92E+01,0.06514,0.399466,0.009605,-0.105195,0.00095,0.224864
259,-7.70E-02,3.09E-02,-4.19E-02,-1.23E-01,-1.40E-03,4.40E-02,-9.90E-04,-5.47E-02,-4.80E-02,-2.10E-02,-6.71E-02,-2.11E-02,-1.25E-02,-2.68E-02,1.45E-02,-2.16E+01,0.061252,0.429916,-0.010395,-0.104683,0.013926,0.273417
260,-1.78E-01,-6.17E-02,3.75E-02,-1.64E-01,2.81E-02,-1.34E-01,-7.16E-02,-1.10E-01,-1.62E-02,-2.80E-02,-3.90E-02,1.93E-02,-2.87E-02,-2.37E-02,-4.93E-02,-4.83E+01,0.065799,0.489708,0.001429,-0.133793,0.007804,0.298218
261,-1.66E-01,-9.80E-02,1.38E-02,1.81E-02,-2.11E-02,-1.55E-01,-3.85E-02,8.99E-03,-5.95E-02,-3.39E-02,-6.36E-02,1.60E-02,-1.66E-02,3.69E-04,1.98E-02,-2.04E+01,0.060205,0.4273,-0.005813,-0.107808,0.009772,0.271815
262,-4.10E-02,3.30E-02,3.65E-02,6.69E-03,-7.17E-02,-1.55E-01,-2.45E-02,-5.97E-02,-4.51E-02,5.65E-03,-1.23E-02,-3.17E-02,1.92E-02,-4.42E-02,-2.66E-02,-4.78E+01,0.062236,0.473151,0.002557,-0.128305,0.004293,0.280705
263,-1.57E-01,-7.18E-02,-4.83E-02,1.88E-02,-1.07E-02,-9.64E-03,-9.12E-02,-2.63E-02,-8.59E-02,-3.74E-02,-6.97E-02,-2.21E-03,3.98E-04,-4.94E-03,1.17E-02,-2.41E+01,0.06125,0.425121,-0.006349,-0.106714,0.010817,0.266309
264,-1.32E-01,-1.44E-01,-1.34E-01,-3.56E-02,-7.65E-03,-6.06E-02,-9.13E-02,-2.35E-02,-4.25E-02,-9.74E-03,1.15E-02,-6.59E-02,1.98E-02,-5.27E-02,-2.17E-02,-4.42E+01,0.061161,0.437931,0.003069,-0.11492,0.004502,0.259194
265,-9.33E-02,-6.05E-02,-1.31E-01,-1.87E-01,-1.40E-01,-1.45E-01,7.85E-03,-7.67E-02,-8.47E-02,-3.32E-02,-6.80E-02,-1.51E-02,1.86E-02,-3.31E-02,1.53E-02,-2.74E+01,0.059258,0.391929,0.002764,-0.100941,0.002728,0.234487
266,-1.39E-01,-1.12E-01,1.96E-02,-1.38E-01,-1.09E-01,-1.51E-01,-7.89E-02,-9.65E-02,-4.20E-02,-1.65E-03,1.08E-02,-1.31E-02,1.58E-02,-2.50E-03,-1.74E-02,-3.81E+01,0.061997,0.451191,0.000243,-0.119941,0.006082,0.274566
267,-1.59E-02,-7.60E-02,-4.40E-02,-1.78E-01,4.07E-02,-6.44E-02,-2.57E-02,-1.86E-02,-8.22E-02,-7.36E-02,-1.10E-02,7.51E-03,-1.51E-02,-5.88E-02,-3.51E-02,-2.98E+01,0.0626,0.427102,-0.003619,-0.106988,0.009087,0.263276
268,-1.33E-01,-3.69E-02,1.26E-02,9.68E-03,4.81E-02,-1.21E-01,-1.03E-03,-6.68E-02,-1.08E-01,6.44E-03,-2.93E-02,-2.73E-02,-4.62E-02,-1.98E-02,-2.32E-02,-2.13E+01,0.058947,0.384628,-0.002294,-0.092397,0.006065,0.233062
269,4.12E-02,-5.08E-02,1.45E-02,-1.70E-01,-1.10E-01,-1.04E-02,-2.51E-02,-6.43E-02,-6.50E-02,-4.58E-03,3.90E-03,5.28E-03,-5.08E-02,-3.92E-02,-2.12E-02,-2.95E+01,0.062914,0.445153,-0.006836,-0.112189,0.011635,0.278201
270,-1.36E-01,-1.38E-01,-1.88E-01,-1.17E-01,-8.59E-02,-1.97E-01,-9.76E-03,2.71E-04,-2.76E-02,-1.95E-02,-5.68E-02,3.43E-03,1.40E-02,-1.45E-02,-1.03E-02,-2.76E+01,0.059671,0.424348,0.001252,-0.111476,0.004277,0.262048
271,-1.85E-01,-9.88E-02,-1.79E-01,-1.05E-01,-1.34E-01,2.61E-02,-1.96E-02,-4.67E-02,-7.50E-02,-7.86E-02,-7.42E-02,-2.10E-02,-1.44E-02,-3.40E-02,1.36E-02,-4.53E+01,0.063953,0.431975,0.004239,-0.115802,0.005375,0.255654
272,-9.49E-02,1.99E-02,-1.45E-01,-1.50E-01,-1.96E-01,-9.26E-02,-7.29E-02,-9.99E-02,-9.86E-02,-1.35E-02,-4.30E-02,-5.78E-02,-5.44E-03,-1.31E-02,2.58E-03,-3.49E+01,0.060755,0.374239,0.006061,-0.094966,0.000738,0.213561
273,-5.59E-03,-1.96E-01,-1.60E-01,-7.91E-02,-1.06E-01,-1.60E-01,-7.36E-02,8.01E-03,-5.30E-03,-6.22E-02,-2.03E-02,-2.60E-02,-5.07E-02,-3.26E-02,-4.70E-03,-3.42E+01,0.064069,0.429682,0.000894,-0.111144,0.006203,0.262885
274,-1.13E-01,-6.37E-02,-1.73E-01,4.66E-02,4.37E-02,2.65E-02,-7.34E-03,-1.01E-01,-3.74E-02,-6.72E-02,-4.18E-02,1.79E-02,-6.66E-03,1.43E-02,-5.35E-02,-4.21E+01,0.064676,0.473135,-0.00096,-0.126433,0.008464,0.289734
275,-1.00E-01,-1.08E-01,-1.87E-01,-5.87E-02,-6.07E-02,-3.73E-02,-4.41E-02,-6.85E-02,-4.77E-03,-7.01E-02,-2.17E-02,1.47E-02,6.80E-03,-5.70E-02,-4.56E-02,-3.78E+01,0.064986,0.459071,-0.001088,-0.120187,0.008695,0.284252
276,-1.40E-02,-1.93E-01,-3.69E-02,-1.29E-01,-3.33E-02,-1.36E-01,-1.16E-01,-3.18E-02,-2.37E-02,-1.48E-02,-6.85E-02,1.54E-02,1.90E-02,-5.22E-02,-4.31E-02,-3.52E+01,0.064037,0.446662,-0.001277,-0.11521,0.007924,0.275683
277,-1.55E-01,-2.97E-02,-1.77E-01,-4.15E-02,-9.07E-02,-1.13E-02,1.84E-02,-2.82E-02,-6.03E-02,-7.90E-02,9.33E-03,-4.62E-02,-4.80E-02,-5.99E-02,1.86E-02,-3.81E+01,0.063105,0.424832,0.001006,-0.109351,0.006703,0.255055
278,1.37E-02,-1.80E-01,-1.69E-01,-1.75E-01,-1.76E-01,-1.75E-01,-5.41E-02,-9.88E-02,-5.20E-02,-3.45E-02,-5.12E-02,-2.28E-02,-4.92E-03,-4.18E-02,-6.96E-03,-2.92E+01,0.060543,0.385107,0.00426,-0.098799,0.001763,0.22832
279,3.35E-02,5.48E-03,-1.33E-01,-1.64E-01,-7.41E-02,-1.08E-01,-6.15E-02,-9.66E-02,-7.86E-02,5.04E-03,-2.21E-02,-7.67E-02,-2.87E-03,-5.01E-02,-3.40E-02,-4.31E+01,0.061284,0.382722,0.008401,-0.096719,-0.0006,0.214447
280,4.75E-02,-1.46E-01,-5.53E-03,-5.02E-02,6.84E-03,-1.71E-01,-5.76E-02,-6.18E-02,-3.76E-02,-2.67E-02,-1.48E-02,-9.77E-03,-3.57E-02,-3.24E-02,1.94E-02,-3.63E+01,0.063989,0.449137,-0.000549,-0.117909,0.006665,0.274293
281,1.27E-02,-1.84E-01,-3.65E-03,-6.85E-02,-1.13E-02,-1.40E-04,2.20E-03,1.87E-02,-5.68E-03,-9.76E-03,-7.28E-02,5.08E-03,-4.88E-02,4.65E-03,-5.68E-02,-4.97E+01,0.065954,0.522011,-0.00329,-0.141917,0.011836,0.322622
282,-2.61E-02,-1.35E-01,-1.77E-02,-1.39E-01,-8.48E-02,2.39E-02,-2.03E-02,-1.15E-01,-1.25E-02,-1.34E-02,1.63E-03,-7.62E-02,1.71E-02,-4.22E-02,-1.71E-02,-4.61E+01,0.063306,0.456384,-0.001165,-0.118578,0.008716,0.274286
283,-1.36E-02,-8.88E-02,-1.58E-01,-2.04E-02,-1.45E-01,1.49E-04,-2.88E-02,-4.15E-02,-1.02E-01,1.42E-02,-4.84E-02,6.82E-03,-3.36E-03,-5.97E-03,-3.56E-03,-4.64E+01,0.06143,0.458972,0.003763,-0.127465,0.003312,0.269766
284,-2.78E-02,-1.99E-01,-2.15E-02,-2.49E-02,1.14E-02,-5.60E-02,-4.75E-02,-9.42E-03,-9.69E-02,8.08E-03,-1.17E-02,-4.57E-02,-8.48E-03,-1.43E-02,-2.51E-02,-2.12E+01,0.057985,0.392235,-0.003917,-0.094462,0.007328,0.240182
285,-5.17E-02,-4.87E-02,4.54E-02,-6.09E-02,-9.95E-02,-1.65E-01,-4.16E-02,-1.12E-01,-1.87E-02,-9.49E-03,-3.04E-02,-1.63E-02,-8.08E-03,1.38E-02,-3.98E-03,-3.39E+01,0.063084,0.450234,-0.002272,-0.117143,0.007799,0.27743
286,1.16E-02,9.79E-03,-2.04E-02,-1.59E-01,-1.43E-01,-1.33E-02,-1.06E-01,5.16E-03,-4.79E-02,-5.71E-02,-5.26E-02,-3.52E-02,-4.35E-02,-4.64E-02,7.56E-03,-3.31E+01,0.065278,0.42881,-0.005007,-0.105948,0.011367,0.263976
287,-2.19E-02,-1.53E-01,3.19E-02,-4.93E-03,-1.89E-01,3.31E-02,-5.78E-02,-7.09E-02,-9.09E-02,-7.68E-02,-4.30E-03,-5.38E-02,-3.08E-02,-5.94E-02,-1.48E-03,-2.51E+01,0.06291,0.394649,-0.005936,-0.093794,0.010885,0.241127
288,3.95E-02,-1.14E-01,-9.78E-02,-1.51E-01,-1.43E-01,-2.57E-02,1.80E-02,-8.24E-02,-3.88E-02,-5.98E-02,1.71E-02,-6.42E-02,1.15E-02,-5.15E-02,2.06E-03,-4.85E+01,0.062336,0.454455,0.003137,-0.122952,0.004843,0.267907
289,-1.58E-01,2.81E-04,-5.94E-02,-1.56E-01,-5.56E-02,-9.18E-02,1.89E-03,-5.49E-02,-1.89E-02,-1.69E-02,-4.69E-02,-5.99E-02,-8.65E-03,-4.94E-02,-4.28E-02,-4.30E+01,0.062964,0.434209,0.002151,-0.110766,0.006155,0.259626
290,-4.41E-02,-6.92E-02,-6.67E-02,-1.77E-01,-1.63E-02,-8.14E-02,-7.96E-02,-6.74E-02,-2.12E-02,-2.78E-02,-1.72E-02,-2.16E-02,-3.53E-02,-1.34E-02,-3.31E-02,-4.08E+01,0.064281,0.452134,-0.000311,-0.117812,0.007739,0.275367
291,-6.84E-02,-1.39E-01,-2.44E-02,-1.72E-01,-1.38E-01,-1.69E-01,1.67E-02,-1.08E-01,1.55E-02,-6.19E-02,-4.07E-02,-4.30E-02,-9.50E-03,3.16E-03,-5.85E-02,-4.32E+01,0.064427,0.442111,0.003424,-0.115487,0.005263,0.26633
292,-3.35E-02,-2.61E-02,-1.78E-01,-3.71E-02,-9.02E-02,-1.84E-01,-5.98E-02,-2.92E-02,-6.88E-02,-7.89E-02,1.67E-02,-3.70E-02,-4.22E-02,-5.07E-02,-2.40E-02,-4.47E+01,0.063062,0.413817,0.009381,-0.11073,-0.000803,0.238281
293,-1.26E-01,-9.19E-02,-1.64E-01,-1.20E-01,-1.01E-01,-4.47E-02,1.30E-02,-8.20E-02,-9.87E-02,7.67E-03,1.47E-02,-7.44E-02,-4.27E-02,4.47E-04,-2.99E-02,-3.37E+01,0.058826,0.374846,0.004753,-0.093015,0.001698,0.215083
294,-1.62E-01,-1.72E-01,-1.88E-02,-5.72E-02,3.15E-02,3.94E-02,1.72E-03,3.12E-03,-5.40E-02,8.75E-03,-5.77E-02,-6.70E-02,-1.71E-02,-4.74E-02,-1.14E-02,-4.52E+01,0.06289,0.44991,-0.001181,-0.115221,0.009623,0.270295
295,-1.27E-01,-1.62E-01,-9.22E-03,1.29E-02,-6.61E-02,-1.66E-02,-7.55E-02,-6.57E-02,-4.57E-02,-1.59E-02,-3.51E-02,-5.27E-02,5.43E-03,-4.47E-02,-2.61E-02,-2.38E+01,0.060813,0.405041,-0.005864,-0.096826,0.0105,0.250888
296,-3.21E-02,-3.72E-02,-9.70E-02,-1.47E-01,-1.95E-01,-7.81E-02,-1.03E-01,-1.16E-01,-9.60E-02,-4.70E-02,-4.14E-02,-2.63E-02,-4.74E-02,-5.03E-02,-8.08E-03,-2.61E+01,0.061751,0.371748,0.0011,-0.091144,0.004678,0.220266
297,-1.95E-01,-1.24E-01,-3.19E-02,-2.29E-02,9.25E-04,-8.70E-02,-1.18E-01,-3.37E-02,-2.71E-02,-7.32E-02,-7.87E-02,-1.92E-02,-5.64E-02,-4.66E-02,-4.39E-02,-2.65E+01,0.064411,0.40434,-0.004348,-0.096399,0.010901,0.250761
298,-1.05E-01,-1.60E-01,2.49E-03,-7.96E-05,-9.70E-02,-1.71E-01,-1.97E-03,-1.18E-01,2.04E-03,-5.36E-02,-7.39E-02,-3.30E-02,8.14E-04,-3.51E-02,2.65E-03,-4.77E+01,0.065071,0.458496,0.004707,-0.124257,0.004603,0.273719
299,-1.14E-02,-2.00E-01,4.13E-02,-9.60E-02,-8.40E-02,-9.40E-02,4.01E-05,-9.91E-02,-3.47E-02,-3.71E-03,-1.13E-02,-4.82E-03,-8.83E-04,-4.74E-04,-4.37E-02,-3.27E+01,0.062162,0.448647,-0.00377,-0.115019,0.009048,0.278127
300,-7.77E-03,-1.21E-01,4.44E-02,-3.62E-02,3.95E-02,-1.95E-01,1.22E-03,1.85E-02,-7.23E-02,-4.21E-02,-4.88E-02,-1.61E-02,-2.47E-02,-2.86E-02,-5.12E-02,-4.89E+01,0.063382,0.462857,0.005424,-0.125577,0.003028,0.272989
301,2.19E-02,-2.83E-02,-1.88E-03,-1.74E-01,-1.76E-01,-1.39E-01,-8.35E-02,-9.26E-02,1.29E-02,6.17E-04,-3.53E-02,-2.80E-02,-4.59E-02,-2.31E-02,1.35E-03,-4.98E+01,0.0653,0.481302,0.002489,-0.131675,0.006215,0.289261
302,6.94E-03,1.87E-02,-7.06E-02,-9.75E-02,-9.83E-02,-1.52E-01,1.58E-02,1.93E-02,-5.67E-02,-1.63E-02,-5.80E-02,-7.44E-03,-5.21E-02,-3.29E-02,-5.16E-02,-3.58E+01,0.062703,0.426905,0.001355,-0.108663,0.005083,0.257124
303,-1.01E-01,2.56E-02,-1.62E-01,4.62E-02,-1.83E-01,1.61E-02,-2.70E-02,-5.60E-02,9.92E-03,-6.48E-02,-6.41E-02,-1.24E-04,1.31E-02,-3.60E-02,3.17E-04,-4.24E+01,0.066202,0.484658,-0.002509,-0.129699,0.010152,0.300271
304,1.90E-02,-1.64E-01,-1.22E-01,-8.68E-02,3.77E-02,-3.92E-02,-1.18E-01,-1.07E-01,-3.67E-03,-6.87E-02,-4.01E-02,-4.68E-02,-3.33E-02,-5.66E-02,-3.28E-02,-2.38E+01,0.062997,0.398797,-0.005163,-0.094819,0.010255,0.246848
305,-1.60E-01,-1.10E-01,-1.45E-01,2.87E-02,1.28E-02,-1.22E-01,6.87E-03,-2.15E-02,-1.06E-01,-5.16E-02,8.28E-03,-1.86E-02,-5.02E-03,-3.15E-02,-4.35E-02,-3.56E+01,0.060135,0.406773,0.004875,-0.105319,0.001627,0.238817
306,2.37E-02,-1.33E-01,4.93E-03,-9.34E-02,-1.01E-01,2.36E-02,-3.75E-02,-3.33E-02,-5.36E-02,-2.95E-02,-6.33E-02,1.42E-02,-2.98E-02,-5.49E-02,-5.34E-03,-3.45E+01,0.065369,0.456108,-0.006365,-0.115943,0.012668,0.284591
307,-1.95E-01,2.35E-03,2.44E-02,-1.26E-01,-1.17E-01,3.42E-02,-7.68E-02,-3.86E-03,-8.90E-02,-5.10E-02,-7.60E-02,-3.76E-02,-3.94E-03,-4.85E-02,-2.24E-02,-3.87E+01,0.064996,0.418421,-0.002299,-0.102941,0.010131,0.251988
308,-1.93E-01,-1.22E-01,4.11E-02,-5.50E-02,-6.90E-02,1.68E-02,-1.19E-01,-4.79E-02,-5.17E-02,-5.43E-02,-2.82E-02,-3.21E-02,3.50E-03,-5.09E-02,-1.86E-02,-2.04E+01,0.061393,0.41187,-0.009753,-0.097635,0.014021,0.261305
309,-7.67E-02,-6.57E-02,-1.55E-01,-1.51E-01,2.25E-02,-1.61E-01,-2.52E-02,-8.86E-02,-1.06E-01,-5.31E-02,-4.98E-02,1.09E-02,-1.07E-02,7.12E-03,-4.49E-02,-2.11E+01,0.058062,0.372775,0.002155,-0.092978,0.002115,0.223732
310,-1.23E-01,-1.85E-02,-1.23E-01,-7.56E-02,1.79E-02,-4.89E-02,-5.06E-02,-1.48E-03,-2.04E-02,-1.06E-02,-4.50E-02,-2.91E-02,-5.32E-02,9.00E-03,-5.59E-02,-2.95E+01,0.062369,0.430331,-0.004452,-0.106114,0.009996,0.26708
311,-8.79E-02,2.71E-02,4.72E-02,-1.67E-01,-1.84E-01,-1.76E-01,-2.86E-03,-3.16E-02,1.19E-02,-3.52E-02,-4.94E-02,5.80E-03,2.09E-03,-3.88E-02,-1.41E-02,-3.63E+01,0.064909,0.473939,-0.003522,-0.124055,0.010145,0.296997
312,-1.17E-01,-1.62E-01,3.32E-02,-5.15E-02,-1.28E-01,-1.51E-01,-3.30E-02,-1.11E-02,-9.90E-02,-1.17E-02,-6.30E-02,-3.38E-03,-3.79E-02,-2.55E-02,-1.50E-02,-4.82E+01,0.063204,0.445184,0.006646,-0.1218,0.002359,0.26
313,-1.54E-01,-6.56E-02,-7.23E-02,-8.24E-02,-1.48E-01,2.83E-02,6.27E-03,-1.11E-01,-6.14E-02,-5.47E-04,-3.08E-02,-6.01E-02,-2.81E-02,-1.01E-02,-5.42E-02,-4.64E+01,0.062409,0.424554,0.003388,-0.10936,0.005308,0.248206
314,-1.56E-01,8.33E-03,-1.90E-01,-8.48E-02,5.47E-03,-1.29E-01,-9.07E-02,1.00E-02,-1.15E-01,-6.92E-02,-7.81E-02,-6.27E-02,-2.15E-02,-2.93E-02,-3.26E-02,-4.55E+01,0.062579,0.369497,0.012299,-0.094959,-0.002381,0.203746
315,-5.35E-02,-1.67E-01,-9.19E-02,-9.21E-02,-3.80E-02,-1.36E-01,-8.81E-02,-1.34E-02,-3.62E-02,-1.05E-02,-4.99E-03,-9.60E-03,-4.61E-02,1.19E-02,1.32E-02,-3.41E+01,0.062406,0.45117,-0.001078,-0.119677,0.007152,0.278236
316,-8.65E-02,-5.67E-02,-1.71E-01,-9.85E-02,-1.53E-02,1.97E-03,-1.00E-01,-1.16E-01,-3.24E-02,-7.33E-02,-3.24E-02,-4.84E-02,-5.36E-02,-1.85E-02,-2.49E-02,-3.11E+01,0.064013,0.400732,-0.001745,-0.097669,0.008489,0.242532
317,1.42E-02,-1.24E-01,-1.14E-01,4.27E-02,-1.66E-01,-9.37E-02,9.83E-03,-1.73E-02,-6.16E-02,1.08E-02,6.01E-03,-2.46E-02,-1.31E-02,-4.51E-02,-3.13E-02,-4.74E+01,0.060921,0.463176,0.004553,-0.127137,0.002436,0.272678
318,-1.32E-01,-1.95E-01,2.61E-02,-1.02E-01,-8.80E-02,-2.41E-02,-1.58E-02,-6.97E-02,-4.87E-02,-6.67E-02,5.94E-03,-1.28E-02,1.47E-02,6.60E-03,-6.21E-03,-2.43E+01,0.061083,0.438702,-0.007927,-0.11048,0.012437,0.27904
319,-1.83E-03,-4.95E-02,-1.05E-01,-1.32E-01,-1.32E-01,-1.99E-01,-2.33E-02,-7.80E-02,-1.32E-03,-5.73E-02,-2.72E-03,-5.85E-02,-2.24E-03,1.50E-02,3.91E-03,-2.14E+01,0.058985,0.399552,-0.001538,-0.099913,0.005449,0.246887
320,-1.89E-02,-6.70E-02,-1.70E-01,-1.90E-01,2.71E-02,2.20E-02,-3.23E-03,-3.72E-02,-1.56E-02,-1.55E-02,-8.36E-03,1.91E-02,5.68E-03,-4.03E-02,-9.18E-03,-4.50E+01,0.063746,0.515937,-0.003148,-0.14278,0.010061,0.319757
321,-1.49E-01,-5.25E-02,-9.59E-02,-4.59E-02,-1.81E-01,-1.94E-02,-5.11E-02,-8.30E-02,-1.13E-02,3.71E-04,-4.66E-02,-3.50E-02,1.25E-02,-3.20E-02,-7.96E-04,-2.72E+01,0.061229,0.430472,-0.005105,-0.108183,0.010143,0.269066
322,-3.62E-02,-1.17E-01,-1.20E-01,-2.76E-02,-1.91E-01,-4.58E-02,-6.72E-03,-8.59E-02,1.65E-02,-6.89E-02,-5.53E-02,-5.73E-02,-1.34E-02,8.63E-03,9.61E-03,-3.47E+01,0.064507,0.434153,-0.002078,-0.110561,0.008882,0.266617
323,-1.73E-02,-2.53E-02,3.54E-03,-1.95E-01,8.05E-03,-1.53E-01,-9.73E-02,-5.33E-02,-7.82E-02,-2.92E-02,1.80E-02,-1.78E-02,-1.00E-02,-1.62E-02,-4.68E-02,-3.85E+01,0.062539,0.430468,0.00175,-0.111388,0.004637,0.256955
324,-1.42E-01,-2.69E-02,-1.99E-01,-1.34E-01,-4.59E-02,-1.74E-01,-6.45E-02,-1.45E-02,-2.38E-02,-2.43E-02,1.91E-02,-7.28E-02,4.50E-03,-9.78E-03,1.58E-02,-3.86E+01,0.060353,0.426413,0.00438,-0.113179,0.002309,0.253117
325,-8.74E-02,3.69E-02,-1.82E-01,-1.52E-01,3.20E-02,-5.97E-02,-7.44E-02,-8.81E-02,-4.12E-02,-6.89E-03,-6.99E-02,4.17E-03,-2.94E-02,-3.88E-02,-1.14E-02,-3.47E+01,0.063102,0.432366,-0.00052,-0.111547,0.006927,0.26325
326,-1.58E-01,2.41E-02,-2.45E-02,-8.93E-02,-2.24E-03,-1.92E-02,-1.10E-01,-2.19E-02,-7.61E-02,-7.44E-02,-6.18E-02,6.23E-03,-1.52E-02,1.82E-02,-6.02E-03,-4.29E+01,0.065822,0.463339,-0.001312,-0.123378,0.00921,0.282124
327,-5.73E-02,-1.13E-03,-1.92E-01,-9.49E-03,-1.50E-01,-3.03E-02,-5.30E-02,-1.62E-02,-1.04E-01,-5.89E-03,-4.29E-02,-4.88E-02,-3.68E-02,-4.45E-02,-3.70E-04,-3.60E+01,0.061154,0.387764,0.004141,-0.097667,0.002585,0.223852
328,-6.09E-02,-1.22E-01,-1.65E-01,-1.86E-01,-1.94E-02,1.07E-02,-1.20E-01,-9.10E-02,-7.78E-02,-6.53E-02,-7.90E-02,-3.39E-02,-4.99E-02,-2.62E-02,-9.64E-03,-2.22E+01,0.061128,0.372411,-0.002861,-0.08888,0.008175,0.225875
329,-1.81E-01,-1.89E-02,-2.00E-01,-1.95E-01,9.50E-03,-1.25E-01,-7.07E-02,-8.66E-03,-1.04E-01,-8.59E-03,1.34E-02,-1.03E-02,-5.54E-02,-1.78E-02,-1.92E-02,-4.53E+01,0.060633,0.432113,0.007937,-0.118965,0.000234,0.250792
330,-1.45E-01,4.95E-02,-1.06E-01,7.92E-03,-6.24E-02,-1.45E-01,-8.75E-02,-3.55E-02,-6.30E-02,-1.90E-02,-2.09E-02,-2.98E-02,-3.46E-02,-2.99E-02,1.70E-02,-3.66E+01,0.062381,0.424623,0.00242,-0.110765,0.004114,0.253336
331,1.72E-02,4.64E-02,-1.96E-01,-7.33E-02,3.63E-02,-4.05E-02,-7.93E-02,1.50E-02,-1.37E-02,9.67E-03,1.49E-02,-5.91E-02,-5.18E-02,6.54E-03,3.36E-03,-3.03E+01,0.061455,0.44633,-0.005018,-0.113636,0.009157,0.276747
332,-4.97E-02,-1.06E-01,1.59E-03,-9.06E-02,-5.76E-02,-1.05E-01,-9.84E-02,-3.61E-03,-7.00E-02,-4.32E-02,-1.09E-03,-4.39E-02,-2.91E-02,-1.05E-02,1.25E-02,-3.22E+01,0.062371,0.424922,-0.002084,-0.107946,0.007814,0.258611
333,-7.76E-02,-1.95E-01,-8.71E-02,-8.42E-02,-1.54E-01,3.49E-02,-1.31E-02,-7.71E-02,-4.16E-02,1.62E-02,-6.67E-03,-5.94E-03,-5.54E-02,-2.33E-02,-2.10E-02,-4.11E+01,0.063439,0.46398,-0.001934,-0.122763,0.009342,0.284077
334,-7.99E-02,-5.50E-02,-1.03E-01,-3.28E-02,-9.22E-02,-1.22E-01,-6.74E-02,-1.00E-01,-1.11E-02,-2.69E-02,-5.79E-02,-1.02E-02,-5.14E-02,1.49E-02,-4.73E-02,-4.05E+01,0.06487,0.438823,0.002392,-0.114341,0.005575,0.264759
335,-1.38E-01,4.88E-02,-1.86E-01,9.06E-04,-1.25E-01,-3.12E-02,-4.66E-03,-9.17E-02,-1.17E-01,-3.58E-02,-3.80E-02,-7.59E-03,-4.43E-02,-3.47E-02,3.71E-03,-4.96E+01,0.062653,0.431579,0.009127,-0.11987,0.000194,0.245706
336,-6.72E-03,-1.04E-01,6.57E-03,-1.62E-01,-1.35E-01,-6.27E-02,-4.13E-02,-2.04E-02,-9.16E-02,1.71E-02,3.66E-03,2.17E-03,1.93E-02,-5.48E-02,-1.95E-02,-3.15E+01,0.060457,0.439736,-0.003029,-0.113489,0.007777,0.270277
337,-9.11E-02,-1.16E-01,-1.53E-01,-1.41E-01,4.29E-02,-1.61E-01,-1.24E-02,-6.90E-02,-1.74E-02,-3.29E-03,-2.54E-02,-4.45E-02,-3.49E-02,-8.07E-03,6.10E-03,-4.79E+01,0.061654,0.458375,0.006004,-0.126432,0.00226,0.270568
338,-7.54E-02,-1.07E-01,-2.72E-04,-1.36E-01,-1.70E-01,9.97E-03,-7.72E-02,6.49E-03,-1.01E-01,3.72E-03,1.97E-02,6.89E-04,-2.01E-02,1.17E-03,-2.44E-02,-4.56E+01,0.062472,0.476088,-0.000723,-0.129864,0.007743,0.286598
339,1.15E-03,-2.45E-02,-1.07E-01,-7.74E-02,-7.81E-02,7.13E-03,-6.70E-02,1.27E-02,-6.46E-02,-3.55E-02,-3.87E-03,-7.01E-02,1.14E-03,-2.78E-03,-5.61E-02,-4.40E+01,0.06215,0.432263,0.001244,-0.11049,0.005907,0.255151
340,-2.90E-03,-4.59E-02,2.98E-02,-1.83E-01,3.28E-02,-1.06E-01,-8.59E-02,-4.27E-02,4.12E-03,-5.61E-02,2.19E-03,-7.17E-02,-2.78E-02,-5.97E-02,5.99E-03,-2.93E+01,0.064226,0.431677,-0.006481,-0.105109,0.011911,0.269068
341,8.98E-03,-2.07E-03,3.28E-02,1.97E-03,-4.05E-02,-1.68E-01,-8.27E-02,-3.12E-02,5.12E-03,-7.80E-02,1.85E-02,-6.90E-02,-5.62E-02,-3.54E-03,-2.65E-02,-3.54E+01,0.065791,0.436382,-0.002587,-0.107907,0.009011,0.267249
342,6.74E-03,-1.36E-02,-1.61E-01,-7.25E-02,4.49E-02,-1.50E-01,7.74E-03,-1.05E-01,-1.14E-01,-2.41E-02,-6.48E-02,-4.03E-02,-2.73E-02,-3.05E-02,7.38E-03,-3.10E+01,0.060277,0.367935,0.006203,-0.092612,-0.000578,0.209286
343,3.09E-02,-8.15E-02,-7.29E-04,-1.35E-01,2.68E-02,-7.06E-02,-4.53E-02,-2.97E-02,-6.95E-02,-2.95E-02,-5.57E-02,-1.95E-02,-1.80E-02,-6.63E-03,-4.86E-02,-4.20E+01,0.063736,0.441789,0.000401,-0.113945,0.006726,0.264729
344,-3.50E-03,-7.03E-03,-2.50E-02,1.94E-02,-3.88E-03,-1.20E-02,-9.47E-03,-6.06E-02,-3.94E-02,-4.60E-02,-4.71E-02,-7.98E-02,-3.20E-02,-1.23E-02,-3.41E-02,-2.09E+01,0.06113,0.390437,-0.007272,-0.089423,0.01079,0.239844
345,-1.92E-01,-9.41E-02,-1.54E-01,-1.16E-01,3.52E-03,-6.37E-02,-9.38E-02,-7.84E-02,-6.35E-02,-6.82E-02,-3.49E-02,-5.80E-02,-2.73E-04,6.90E-03,4.76E-03,-4.01E+01,0.062669,0.407228,0.004239,-0.105645,0.003901,0.239118
346,-1.43E-01,-1.86E-01,1.02E-03,-9.27E-03,-2.77E-02,-2.25E-02,-1.00E-01,-1.17E-01,-1.01E-01,-7.79E-02,-4.12E-02,-6.05E-02,-1.28E-02,-5.62E-02,1.66E-02,-4.35E+01,0.065985,0.391244,0.005218,-0.098651,0.004625,0.225111
347,-6.42E-02,4.71E-02,-1.49E-01,-8.29E-02,-6.46E-02,-9.78E-02,3.19E-03,1.64E-03,-8.58E-03,-5.85E-02,-3.01E-02,-6.51E-02,-4.47E-02,-5.59E-02,-8.47E-03,-2.12E+01,0.060401,0.395833,-0.004534,-0.094363,0.008742,0.24488
348,-1.79E-01,-1.83E-01,2.20E-02,-1.76E-01,4.26E-04,-1.77E-02,-4.83E-02,-7.60E-02,-4.18E-02,-1.29E-02,-1.45E-02,-4.78E-02,-4.84E-02,1.41E-02,-1.60E-02,-3.28E+01,0.062765,0.430705,-0.004805,-0.107196,0.011288,0.265908
349,-1.94E-01,-6.97E-02,-3.06E-02,-1.68E-01,-1.30E-01,-1.38E-01,-2.15E-02,-1.03E-01,-7.75E-02,-6.34E-02,1.27E-02,1.16E-02,-2.45E-02,7.61E-04,-3.68E-02,-2.93E+01,0.061414,0.417897,-0.000133,-0.107729,0.006153,0.255962
350,-4.66E-02,-1.39E-01,-9.25E-02,-1.86E-01,-7.56E-02,-6.83E-02,-1.05E-01,-4.09E-02,-1.08E-01,1.90E-02,-6.16E-02,-4.52E-02,-2.67E-02,-1.92E-02,-2.13E-02,-4.27E+01,0.061939,0.393161,0.006747,-0.101251,0.001565,0.224302
351,2.30E-02,-3.57E-02,-6.86E-02,4.06E-02,3.46E-02,-1.32E-01,-8.45E-03,-1.07E-01,-4.37E-02,-6.20E-03,-4.78E-02,-1.99E-02,-1.03E-02,-5.00E-02,-3.21E-02,-3.83E+01,0.063006,0.429526,0.001938,-0.109996,0.004292,0.255976
352,-3.63E-02,-1.76E-01,-5.53E-02,-7.59E-02,-1.80E-01,-5.55E-02,-1.86E-02,-6.40E-03,-8.06E-03,-5.85E-02,-9.46E-04,-7.95E-02,7.99E-03,-5.17E-03,-6.43E-03,-3.79E+01,0.062936,0.439355,-0.001665,-0.112116,0.008472,0.267635
353,4.22E-02,3.51E-02,-8.12E-02,3.87E-02,-2.28E-02,5.88E-03,-5.63E-02,-7.97E-02,1.94E-02,-4.15E-02,-6.03E-02,1.59E-04,6.58E-03,1.69E-02,1.23E-02,-2.62E+01,0.064544,0.477262,-0.011268,-0.122036,0.014826,0.307646
354,-1.96E-01,-1.51E-01,4.30E-02,-1.02E-02,3.51E-02,-7.74E-02,9.16E-03,-6.59E-02,-1.01E-02,-7.67E-02,-5.87E-02,-5.60E-02,3.18E-03,-1.14E-02,-4.11E-02,-2.90E+01,0.063491,0.420267,-0.005316,-0.100657,0.011482,0.260779
355,2.91E-02,-3.42E-02,-1.26E-01,-1.13E-03,-9.80E-02,-2.12E-02,1.10E-02,-6.37E-02,-4.07E-02,-7.12E-02,-5.42E-02,-1.33E-02,-5.95E-02,-6.10E-03,-5.56E-02,-3.33E+01,0.06451,0.420825,-0.002042,-0.10406,0.008361,0.256242
356,2.24E-03,2.89E-02,-5.78E-02,-2.33E-02,-2.98E-02,-1.13E-01,-5.50E-02,-6.29E-02,-1.08E-01,-2.37E-02,9.07E-03,-6.12E-02,-1.69E-02,-3.99E-02,-4.95E-02,-3.46E+01,0.061141,0.380139,0.004012,-0.092462,0.001796,0.217586
357,2.10E-02,-1.91E-01,-1.68E-01,4.84E-02,-1.68E-01,-9.53E-02,-1.01E-01,-7.58E-02,-1.11E-01,-3.08E-02,1.12E-02,-3.30E-02,-8.35E-03,-2.86E-02,-3.66E-02,-3.06E+01,0.059974,0.377366,0.004629,-0.095696,0.000616,0.218555
358,-4.09E-04,3.57E-02,-1.44E-01,-1.27E-01,4.91E-02,-9.68E-02,8.13E-03,-5.91E-02,-5.49E-02,-2.33E-02,-3.44E-03,-6.31E-02,-1.38E-02,-1.06E-02,9.27E-03,-2.94E+01,0.059697,0.411913,-0.000929,-0.103961,0.005236,0.248014
359,-8.45E-02,-5.61E-02,-1.06E-02,-5.32E-02,-3.95E-02,-1.13E-01,-1.12E-01,-2.39E-02,-1.03E-01,-2.01E-02,-4.43E-02,-6.36E-02,-4.15E-02,1.40E-02,-5.62E-02,-2.32E+01,0.059689,0.362678,-0.000315,-0.084452,0.004906,0.214012
360,-1.28E-01,-9.63E-02,-7.49E-02,-6.94E-02,3.11E-02,-9.62E-04,-8.65E-02,-6.64E-02,-1.07E-01,-4.57E-02,-2.72E-02,-6.47E-03,-2.89E-02,-2.05E-02,-8.62E-03,-4.99E+01,0.063995,0.455542,0.004533,-0.125267,0.00475,0.266786
361,-1.47E-01,-1.93E-01,1.82E-02,-1.07E-01,-1.52E-01,-1.27E-01,-5.98E-03,-4.39E-02,-5.26E-02,-3.08E-03,-7.47E-02,-7.34E-02,-5.85E-03,-5.26E-02,-3.79E-02,-3.20E+01,0.061428,0.377753,0.002031,-0.089605,0.005113,0.222486
362,-3.56E-02,-1.98E-01,-8.18E-02,-5.84E-03,-4.43E-02,-8.31E-02,-1.47E-02,-3.00E-02,-6.91E-02,-3.21E-02,-2.27E-02,-3.09E-02,1.76E-02,-2.26E-02,-4.61E-02,-4.59E+01,0.0615,0.446202,0.004313,-0.119816,0.003244,0.262774
363,1.51E-02,-1.03E-02,4.02E-02,-1.28E-02,4.99E-02,-2.65E-02,1.26E-02,-1.16E-01,1.31E-02,-5.78E-02,-9.86E-03,-3.86E-02,1.28E-02,-3.09E-02,-1.99E-02,-3.02E+01,0.06473,0.463456,-0.009787,-0.11468,0.01419,0.293199
364,-1.82E-01,-1.33E-01,-1.19E-01,-7.13E-02,-1.91E-01,-1.30E-01,-8.98E-03,-1.02E-01,3.76E-03,-9.13E-03,-3.31E-02,-7.76E-02,-5.11E-02,-1.34E-02,-5.72E-02,-3.03E+01,0.06156,0.381905,0.002283,-0.091551,0.004888,0.227611
365,-3.77E-02,-1.28E-01,-6.45E-02,-8.09E-02,-1.65E-01,-1.15E-01,-4.45E-02,-5.79E-02,-4.44E-02,-7.70E-02,7.70E-03,-1.25E-02,-3.80E-02,-5.37E-02,-4.28E-02,-3.50E+01,0.064111,0.420012,0.000835,-0.106394,0.006395,0.254409
366,-1.86E-01,-9.34E-02,-1.41E-01,4.77E-02,-3.02E-02,-1.71E-01,-1.90E-02,-7.03E-02,-9.46E-02,-4.78E-02,-5.13E-02,1.12E-02,-4.36E-02,-5.85E-02,-4.46E-02,-3.50E+01,0.062539,0.391807,0.006713,-0.100235,0.001036,0.229031
367,-6.06E-02,-1.11E-01,-1.06E-01,-3.39E-02,-1.57E-01,4.37E-02,-8.87E-02,1.64E-02,-3.35E-03,1.45E-02,-3.45E-02,-6.76E-02,-5.97E-02,-7.17E-03,-4.87E-02,-2.50E+01,0.062164,0.416217,-0.007573,-0.098534,0.01267,0.260297
368,3.78E-02,-1.70E-01,-9.05E-02,-1.13E-01,1.34E-03,6.67E-03,-1.70E-02,-3.08E-03,-8.80E-03,-7.97E-02,-2.65E-02,-3.18E-02,9.86E-03,-2.90E-02,-1.37E-02,-4.43E+01,0.065159,0.484843,-0.002941,-0.128972,0.010447,0.298914
369,-1.24E-01,-4.11E-03,-1.70E-01,-6.21E-02,4.13E-02,-6.25E-02,-6.48E-02,-9.77E-02,-6.10E-02,8.53E-03,-3.81E-02,-4.61E-03,-4.80E-02,-4.92E-02,-7.03E-03,-4.87E+01,0.062958,0.456204,0.005529,-0.125222,0.003197,0.268045
370,-1.35E-01,-1.63E-01,-1.44E-01,-1.08E-01,-1.87E-01,-1.69E-01,-7.86E-02,-5.57E-02,-1.75E-02,1.09E-04,4.07E-03,-6.63E-02,-4.11E-02,1.24E-02,1.83E-02,-2.28E+01,0.058276,0.392956,0.00021,-0.099424,0.004755,0.240981
371,-3.91E-02,-1.66E-01,-1.33E-01,-2.91E-02,-4.19E-02,-4.19E-02,-1.01E-01,-8.92E-02,-6.63E-03,-4.63E-04,-4.17E-02,-3.94E-02,-2.19E-02,-4.12E-02,-1.80E-02,-3.07E+01,0.062681,0.424616,-0.00293,-0.106137,0.008726,0.26127
372,-4.19E-02,-1.09E-02,-1.79E-01,-2.55E-02,2.88E-02,-1.03E-01,-9.91E-02,-3.28E-02,-2.26E-02,-4.04E-02,-3.62E-02,-5.36E-02,3.82E-03,-1.59E-02,-3.67E-02,-3.67E+01,0.062736,0.420725,0.001404,-0.106315,0.004932,0.251829
373,-1.86E-01,-9.34E-02,-1.41E-01,4.77E-02,-3.02E-02,-1.71E-01,-1.90E-02,-7.03E-02,-9.46E-02,-4.78E-02,-5.13E-02,1.12E-02,-4.36E-02,-5.85E-02,-4.46E-02,-3.50E+01,0.062539,0.391807,0.006713,-0.100235,0.001036,0.229031
374,-7.32E-02,-3.03E-02,3.09E-02,-7.97E-02,-3.85E-02,-8.87E-02,-2.62E-02,-5.14E-02,-6.79E-02,-7.38E-02,-2.90E-02,-6.30E-02,-5.38E-02,-2.60E-02,-1.20E-02,-2.77E+01,0.062897,0.393294,-0.003101,-0.093528,0.008739,0.237541
375,4.33E-02,-1.17E-01,-8.99E-02,1.67E-02,-1.73E-01,-8.37E-02,-1.11E-02,1.73E-02,-9.41E-02,-2.18E-02,-6.94E-02,1.60E-02,-2.51E-02,-2.74E-02,-2.10E-03,-3.89E+01,0.062887,0.440379,0.001907,-0.117367,0.004572,0.263847
376,-1.72E-01,-8.79E-02,2.13E-02,-1.80E-01,-3.38E-02,-9.05E-03,-9.77E-02,-1.20E-01,-1.02E-01,-4.99E-02,1.78E-02,-1.23E-03,-1.47E-02,-1.58E-02,1.51E-02,-2.82E+01,0.062414,0.429578,-0.00525,-0.109912,0.010565,0.26691
377,-1.28E-01,4.32E-02,-1.09E-01,2.41E-02,-1.67E-01,-3.95E-02,-8.71E-02,2.36E-03,2.43E-03,-2.63E-02,-2.85E-02,-6.98E-02,-5.75E-02,-4.26E-02,-3.53E-02,-4.09E+01,0.065502,0.435086,-0.000288,-0.108294,0.008585,0.263618
378,1.65E-02,-1.36E-01,-1.10E-01,-5.63E-02,4.54E-02,-1.27E-01,-5.43E-02,-9.32E-02,-1.03E-01,9.19E-03,-6.06E-02,-1.10E-02,-1.98E-02,-1.51E-02,-2.83E-02,-2.05E+01,0.057844,0.37357,0.000374,-0.091462,0.003092,0.224292
379,-8.27E-02,-1.81E-01,-7.64E-02,2.55E-02,-5.45E-02,-1.86E-01,-8.14E-02,1.56E-02,-1.47E-02,1.66E-02,-1.74E-02,-1.81E-02,-3.00E-02,-1.78E-02,-2.69E-03,-2.23E+01,0.059575,0.425831,-0.00352,-0.107962,0.007588,0.268437
380,3.84E-02,-2.42E-02,3.98E-02,-1.24E-01,-1.26E-01,-5.89E-02,-6.63E-02,-1.51E-02,-8.87E-02,-5.05E-02,-5.31E-02,-2.39E-02,-2.60E-02,-4.29E-03,-5.52E-02,-3.75E+01,0.064411,0.417222,-0.000624,-0.103505,0.007376,0.249375
381,-1.37E-01,-4.09E-02,-6.23E-02,-1.20E-01,-1.61E-01,4.34E-03,-7.22E-02,-5.68E-02,1.58E-02,-7.20E-02,-3.67E-02,1.22E-03,-3.13E-02,1.17E-02,-5.33E-02,-3.25E+01,0.066099,0.46076,-0.007213,-0.116225,0.013967,0.292532
382,5.24E-03,-1.74E-01,-1.26E-01,-1.71E-01,-2.00E-01,-5.35E-02,-6.81E-02,-4.35E-02,-5.63E-02,1.21E-02,-5.43E-02,-5.06E-02,7.22E-03,-4.62E-03,-5.30E-02,-2.76E+01,0.059188,0.387033,0.000026,-0.094664,0.005147,0.231979
383,-1.53E-01,-1.89E-01,-6.56E-03,3.78E-02,-1.91E-01,-1.18E-01,-7.18E-02,-2.24E-03,-6.47E-03,4.15E-03,-7.48E-02,1.02E-02,-2.70E-02,-4.06E-02,-7.39E-03,-2.65E+01,0.062928,0.443528,-0.005606,-0.112463,0.011194,0.281561
384,-1.53E-01,-1.40E-02,-8.85E-02,-8.96E-02,-4.79E-02,-2.43E-03,-5.23E-02,-2.41E-02,-7.20E-02,1.44E-02,-6.73E-02,-4.77E-02,1.61E-02,1.05E-02,1.37E-02,-3.97E+01,0.061298,0.438945,-0.000588,-0.114681,0.007015,0.262953
385,-1.61E-01,-1.97E-02,-1.43E-01,-1.69E-01,-2.51E-02,-1.86E-01,-7.15E-03,-9.22E-02,-4.70E-02,-2.89E-03,-4.62E-02,-5.01E-02,8.28E-03,-1.38E-02,-3.87E-02,-2.25E+01,0.057259,0.371495,0.002336,-0.090768,0.002173,0.222018
386,-7.14E-02,-1.13E-01,-1.57E-01,-1.15E-01,-1.98E-01,-5.64E-02,-1.15E-01,-8.97E-02,-1.60E-02,-4.71E-02,-2.74E-02,-2.32E-02,-4.13E-02,-2.73E-02,-3.30E-02,-3.34E+01,0.063985,0.415383,-0.000113,-0.104901,0.007328,0.252845
387,-1.74E-01,4.48E-02,-7.37E-02,4.91E-02,-1.51E-01,-2.35E-02,-7.10E-02,-1.21E-02,-1.19E-01,-7.52E-02,-5.50E-02,-4.20E-02,-7.55E-03,-5.75E-02,-3.74E-02,-3.76E+01,0.063784,0.383106,0.003551,-0.093291,0.004361,0.2215
388,-1.24E-01,-5.33E-02,-4.78E-02,-1.79E-01,-8.05E-02,-1.67E-01,-2.85E-02,-8.26E-02,-1.19E-01,-5.15E-02,7.48E-03,-5.30E-02,-5.72E-02,-4.37E-02,-4.12E-02,-4.55E+01,0.062754,0.378234,0.011771,-0.097795,-0.002001,0.210089
389,-9.06E-02,-2.09E-02,-3.96E-02,-1.01E-01,-7.47E-02,-4.56E-02,-7.32E-02,-2.09E-02,-2.64E-03,-1.02E-02,-1.61E-02,1.65E-02,-1.92E-02,-1.25E-02,7.03E-03,-4.26E+01,0.065541,0.512512,-0.004645,-0.139639,0.011659,0.320849
390,-1.15E-01,4.60E-03,-8.31E-02,-1.98E-02,-7.22E-02,-1.54E-01,-3.19E-02,-8.66E-02,-9.55E-02,-2.61E-02,-5.83E-02,-2.20E-02,-4.02E-02,-3.01E-02,1.89E-02,-2.64E+01,0.060647,0.387028,0.001814,-0.097621,0.003458,0.230558
391,2.73E-02,3.92E-02,-1.39E-01,1.10E-02,4.70E-02,-4.63E-02,7.07E-03,-5.16E-03,-2.64E-02,-3.67E-02,2.98E-04,-7.63E-02,-3.30E-02,-9.99E-03,-3.35E-02,-2.08E+01,0.059537,0.400385,-0.00625,-0.094371,0.008972,0.247129
392,2.18E-02,3.34E-02,-1.77E-01,-7.51E-03,-1.78E-01,-1.71E-02,-1.09E-01,-1.19E-01,-7.24E-03,-5.59E-02,9.60E-03,-4.20E-02,-1.18E-02,8.31E-03,-5.22E-02,-3.16E+01,0.063144,0.425436,-0.002764,-0.106611,0.007971,0.260049
393,-1.99E-01,-1.94E-01,-1.29E-01,3.75E-02,-2.58E-02,-1.47E-01,-2.07E-02,2.08E-03,-5.33E-02,-5.96E-02,1.45E-02,-7.36E-02,-5.69E-02,2.43E-03,-3.83E-02,-3.92E+01,0.061589,0.401879,0.00579,-0.102128,0.002448,0.235303
394,-5.28E-02,-2.33E-02,4.83E-02,-1.10E-01,-1.60E-01,-9.92E-02,-1.08E-02,-4.18E-02,-9.01E-02,6.62E-03,-7.66E-02,1.19E-02,-2.62E-02,-4.84E-02,-5.55E-02,-2.72E+01,0.061791,0.406947,-0.002708,-0.099347,0.007858,0.248456
395,-1.91E-01,1.90E-02,-5.99E-03,-1.84E-01,-1.63E-01,-3.23E-02,-4.92E-02,-1.18E-01,8.67E-03,-3.50E-02,-7.63E-03,1.28E-02,-1.87E-02,-1.68E-03,-3.03E-02,-3.68E+01,0.0655,0.480051,-0.005839,-0.125671,0.012678,0.302859
396,2.38E-02,-1.30E-01,-3.93E-02,3.17E-02,-8.23E-03,-1.82E-01,-3.94E-02,-4.59E-02,-5.14E-02,1.79E-03,-7.95E-02,3.36E-04,-5.20E-02,-3.85E-03,-3.37E-03,-2.06E+01,0.05999,0.40342,-0.002984,-0.100028,0.006478,0.250259
397,-1.63E-02,-9.01E-02,2.68E-02,-9.26E-02,-1.72E-01,4.65E-02,-6.19E-02,1.20E-02,5.74E-03,-1.62E-02,-4.04E-02,-4.30E-03,-2.68E-02,-4.32E-02,-1.28E-02,-4.71E+01,0.067257,0.519681,-0.006288,-0.139443,0.014291,0.32499
